id_tweet,text_tweet
1030769266792923137,"i receiv a notif that all my data and servic would be delet cancel the free trial s"
1030792864043872256,"hey so i m wonder here if i start one of my app on thread i get cpu usage but when"
1030809682124910592,"anyone else have issu with applicationinsight webtest in eastu north central us and south ce"
1030857540119285760,"learn about linux backup amp restor on the azure academi"
1030861080527097856,"can we have it dynam self negoti"
1030864667827167233,"let s say a client ha the port block could it start to find anoth port within range"
1030875437541613568,"is it more eensive to have multiple storage account instead of one big one in other words"
1030879205104345090,"standard port are rare block"
1030879979356282881,"ok thank"
1030902992617316352,"aztechhelp move an app service domain togeth with dn zone to a differ ressource group dn"
1030906929621684224,"ani help or idea on thi msintune"
1030907186518450176,"is host a appserviceama on wednesday 22 from 11 am pt see how you can get involv here"
1030927070996652037,"om wa alway just a bundle and we have new price base on"
1030940876640415745,"aztechhelp i have a server bu lob data to azure backup one pc wa hijack by ransomeware amp th"
1030940942549889024,"well that s the hackathon done manag to get faceapi work the next day quite impress with"
1030942675577462784,"it doe have a lob sql server on it but not a specif azure server there is a specif data folder"
1030942785183145984,"thank it mostli centr around the fact i wa make multipl call to find face match to people"
1030943146182471680,"the owner is quite nervou about some financi file that are in anoth directori these are non"
1030945211139031041,"will do but i m have problem use my phone i ll submit the info when i can get to a pc thank"
1030959008083890177,"whi is my vm be connect to a private ip address is m a bunch of nerf herder now aztechhelp"
1031009256701665280,"thi is embarrass went to forum went for a search and got thi"
1031011927005257728,"azure commun support i m tri to find out about someth i m tri to instal office on"
1031014828423438336,"cool let me look at it thank"
1031031703140229122,"om wa alway just a bundle and we have new price base on"
1031038691593146368,"aztechhelp hi i ca n t create a qna maker resource manag price tier appear unavailable could you help me please"
1031040145917665280,"thank you i ve alreadi sent you my screenshot of the issue"
1031041779066388480,"guy will i get charg if i deallocate my window instance like say i want to use excel and so"
1031051394508369920,"azcommun i am look for a cloud system where i can store all my devic memori so that in a c"
1031083663629459457,"om is a licens suite that we are phase out while the pr"
1031091011915677696,"2 do you keep charg a custom who subscrib to a resource by mistake and fo"
1031091637999419392,"2 if ye then what is difference between normal smal compani and ms"
1031092342747529216,"om is a licens suite that we are phase out while the pr"
1031094201482706944,"thank open year ago plan month ago no news so far"
1031101458442203137,"i subscrib to azure develop support by mistake and it wa active for mani months"
1031101735622897670,"the st problem ye but not the second one still have app that wont be uninstal"
1031106650797682689,"i have a trouble batch ai preview the cluster of nc associ is charg even when batch not run"
1031107538564116480,"i had alreadi everyth is fine but now i m look for tech elan"
1031108843340746752,"i know that but there are no way to open ani ticket without pay a support plan i just need elana"
1031110557796126722,"i know that i ve alreadi read but there is someth not clear how you charge the batch ai on"
1031111127940378625,"your link is dead"
1031112323774210053,"thank sorri for the delay get back to you here s the link"
1031114097109217280,"that work"
1031116722164703232,"what you mean byu sub id"
1031117219676217344,"ok i give you that in public message"
1031149402969305088,"om is a licens suite that we are phase out while the pr"
1031162263670071297,"the nd problem still exist some app wont be uninstal via msintune but all are assign as uninstal"
1031168188753616896,"om is a licens suite that we are phase out while the pr"
1031179583813496832,"i ve done a grubbi hack with a template paramet for the chang pattern set per environ in vst but that s g"
1031180668406050817,"thi is definit an azure side issue i ve hack round it with vst but the issue is that t"
1031182536918138880,"whi is there two vcore option fore each select to choose from i am notic a slight change in price but canno"
1031187378097082369,"just curiou wa that meant to be a link to stack overflow previous been direct to your own forum"
1031191310269657088,"thank not realli a fan of post on stack overflow howev here is the link"
1031196608552165376,"so what is the difference between vcore and vcore in the red box of vcore"
1031197297240158209,"side note the ui allow you to place the select on the st vcore or the nd vcore"
1031204768142819329,"could potenti be a share vcore vs a dedic vcore just guess as they ve not made"
1031245161790152704,"thank ca n t call it a problem as once you know the trick it work great"
1031259501645705217,"azhelp how to create spn on virtual environ with azure ad onli"
1031261518502010882,"example no mention of it here"
1031263118993838080,"aztechhelp i accident delet applic insight from the portal is it possible to recov it back thank"
1031274603866456067,"ani decent server should handle request day with about zero effort maybe worth look at re calibr t"
1031291058695688192,"veri poor support you guy give azuresuck"
1031299835171889152,"om wa alway just a bundle and we have new price base on"
1031307418146430977,"aztechhelp tri to deploy a qna service manag price tier is grey d out say unavailable"
1031312947778211840,"i think i accident set up a core instance thank for the super quick repli though"
1031321876352516096,"aztechhelp i am have problem log in with the new azure ad user can someone help me"
1031325374414823430,"so i creat a new aad user they can log into the azure portal howev i assign that user as a m"
1031325614471430144,"can i make the aad user a microsoft user also"
1031328131393581056,"so i want the aad user to be able to also be a microsoft account user at the moment that user canno"
1031328444519305216,"essenti how can the newli creat user log in to vst use that email address"
1031354757665968128,"aztechhelp problem with the facelistid paramet can you tell me what the value of thi paramet is"
1031369946939486208,"azhelp azure have an educ plan i thought i d sign up for one 200 of credit and fre"
1031374348668547073,"aztechhelp speech to text api suddenli stop work today fail with a unauthor request"
1031381090018230273,"realli realli you want access to all my tweet just to take some satisfact survey"
1031386899812954112,"well i m have trouble pass the facelistid when pass through the url i creat the group bb"
1031393588616343552,"we are tri to set up spn for sql ssr in an environ that onli ha azure ad if i ran the sets"
1031393650507440129,"so what would be the process to set a spn while use azure ad"
1031397542313906176,"hello check out thi sample for arm template json"
1031409581631537152,"i had account with subscript on azure i cancel both my subscript and still my card c"
1031434702807359488,"om is a licens suite that we are phase out while the pr"
1031444692469264385,"i m attempt to create a qna maker on azure and i m attempt to create it as a resource but ever"
1031453709245579264,"aztechhelp i am unable to find a2 v2 machine in size to convert my current machine can you please assist"
1031456090016210945,"secur center is not stable at all today i got thi weird error but have no clue how to solve it"
1031457258683736066,"hello we have a problem of a block account recur same issue from aug th in a differ acco"
1031457574061858817,"thank when i encount the issue i wa use a previous use arm"
1031458018922311680,"to that deprec endpoint and a broken deploy i think it wort"
1031459162788491264,"i alway use private browser to login to azure portal the problem persist on both edge and firefox latest version"
1031463900187963392,"tri creat a storage account alway get deploy to resource group xxx fail addition"
1031464853477773313,"aztechhelp been struggl for two week with slow response on initi login with my web applicati"
1031464859513376768,"ca n t create storage disk see image request can not be interpret as json"
1031464943546232833,"aztechhelp aztechhelp it s an azure vm runningii and mvc dot net web applicatio"
1031465230147182592,"om is a licens suite that we are phase out while the pr"
1031465578920398849,"are there current issu with west europe log analyt workspac i current ca n t access or upd"
1031466518264143874,"hi team hope you can help i ca n t seem to find the price for standard f2 2 vcpu gb memori"
1031467096125984768,"differ region work"
1031467205823750144,"thank team"
1031468672378785793,"is there ani reason in particular that my msdn subscript doe n t allow me to create ani compute re"
1031468984871211008,"hi team my log analyt workspace do n t work no access no data noth even blade of la on porta"
1031471000364318721,"dm ed thank"
1031471422927978496,"creat storage account in west europe fail with the request can not be interpret as valid json"
1031471892492967937,"i have the same issue multiple loganalyt workspac not respond in the portal"
1031472518517932032,"thank though i have anoth question about thi if i can dm you"
1031472846894194688,"same for us use la in west europe dashboard chart not load also oms"
1031473397321138176,"hey i m have trouble deploy to an app service can i dm you detail please"
1031473411816611840,"just update the payment inform of my subscript but it is not reactiv i want my websit to be up again"
1031475222300577793,"i get an error creat a storage account the request can not be interpret as valid json sku"
1031475663235104768,"same issue here"
1031475901496811523,"we re get thi in west europe too so it not subscript specif"
1031483220884373504,"i got the same view from both chrome and edge it appear to have fix itself now though"
1031483885014720512,"have thi issue as well creat storage account and manag disk via portal amp terraform"
1031491918818156544,"it s work now"
1031496147888693248,ping
1031502488921358336,"problem with azure storage in west europe all deploy fail on all subcriptions account"
1031502946197037057,"i m current get error intern error in disk manag when attempt to provis a vm and"
1031503428323868672,"thank for your servic we are observ issu while scale up delet and creat ak cluster"
1031504763014340609,"thi occur everi time i tri to create a storage account via the portal ani idea"
1031508462541447168,"aztechhelp ca n t make storage account in west europe there is an statu alert"
1031508829530468354,"engin are aware of an issue affect resourc in west europe please refer to for updat"
1031512988623294464,"engin are aware of an issue affect resourc in west europe please refer to for updat"
1031513373643431938,"azcommun hello guy i m have issue choos the price tier for cognitive service face api"
1031515489598623745,thank
1031515997260443648,"engin are aware of an issue affect resourc in west europe please refer to for updat"
1031522758352457729,"atm we are get the gateway did not receive a response from microsoft web within the specified"
1031523671783833600,"aztechhelp our website is not load"
1031526530596388865,"sure you should have receiv the message right now thank for repli so fast"
1031528076566507525,"hey engin are aware of an issue affect resourc in west europe please refer to http"
1031529204339359746,"regard update your legaci key for cloud servic web role to enhance secur how can i confi"
1031530515336257536,"have they run out of resourc in the dc again justsay"
1031532261336903680,"yep check"
1031532354735624193,"i m also have thi issue wast hour lolol"
1031535520537616384,"aztechhelp i have notic in monitor that ping request monitor now no longer support tls"
1031535659125800960,"aztechhelp same is true for invoke webrequest but can be fix by net servicepointmanag ecuri"
1031535892677238784,"doe anyone know how to get the secur centre to rescan for recommend i have fix some and want th"
1031537665995427840,"aztechhelp i m tri to deploy a linux vm but all my effort end in a failure with a code diskser"
1031539300263964673,"no unfortun that site doe not tell me how to rescan my system or when azure might rescan them for me"
1031540844996775944,"do you have a tutori like thi that includ actual task code tanomi is alreadi tricki in"
1031543477107089408,"aztechhelp i m tri to deploy a linux vm but all my effort end in a failure with a code diskservice"
1031543525962403840,"someht wrong with sspr page"
1031544807884242944,done
1031544874871472128,"hello that site doe not say how i can rescan or when azure rescan the subscript of recom"
1031544967460737025,"yeah i understand i would still encourage to think about how to make get start with ba"
1031547542306267136,"sure will do"
1031549723826634753,"do n t think you can trigger a rescan since june asc ha use the om agent"
1031554162922807298,"aztechhelp i m get a sorri unauthor action on when click on"
1031558042821611522,"aztechhelp how do you reset a pre shar key on a classic vpn gateway"
1031558235222892546,"no chang for month i know that i have been able to access thi portal before but i ca n t remember"
1031560060084858880,"azhelp where can i find non profit price for ad p1 amp p2 can our azure credit be use for those purchas"
1031560906826756096,"is azureinformationprotect also work for disabl download of pdf not find ani answer i"
1031561593992110080,"learn about linux backup amp restor on the azure academi"
1031569292331032576,"have difficult time figur out how to get my rd user cal work with azure ad"
1031570262402260992,"first i am wonder whi i even have to do azure ad just to get rd user cal to work on my azure window server"
1031570418057072641,"and if azure ad is requir how do i get my azure ws to know it exist"
1031572168889520128,"thank chri i think your right i will give it hour to see what happen"
1031575885994962944,"so i can not simpli use the rd user cal on one machine a domain mean azure ad is requir"
1031576841805545480,"aztechhelp hi there i want to check if my sql sever database is current be back up automatic"
1031581738072330246,"hi how do i know which power bi data set are use memori from my power bi embed resource as"
1031583497528332290,"thank you da best"
1031589159872282624,"day to go until the appserviceama twitter event thi is a great opportun to ask the product group direct qu"
1031589426214785024,"day to go until the appserviceama twitter event thi is a great opportun to ask the product group direct question live"
1031590467819819008,"i have but my concern is with my azure memori usage in the screenshot below it show i am use mo"
1031593065860026368,"we onli have one server can thi server also act as the licens server i wa told i had to have a"
1031594604955660288,"hi bit complic for me could you check on my account kindli"
1031595351235600390,"we are maybe we should do per device"
1031595829113643008,"aztechhelp want to use thi to create local backup of my azure sql dat"
1031597758292127745,"so i should tri to change the per user license to a per device i am on the phone with busi cent"
1031599387867275265,"day to go until the appserviceama twitter event thi is a great opportun to ask the product group direct question live"
1031602276262203392,"yep we do not need ad so sound like the correct fit thx for your help"
1031603982681157632,"doe anyone know how to get the secur centre to rescan for recommend i have fix some and want them to"
1031604369219825664,"day to go until the appserviceama twitter event thi is a great opportun to ask the product group direct question live"
1031607853449129985,"thank you"
1031608066251218944,"is n t there some standard visio templat of a highli available network web bu db that we can use"
1031609338903912449,"i have post thi question on august and today is august but still ca n t get ani answer can i ask whi"
1031611511289139207,"if you guy think i am free user so i m not if you need i can do dm to you please help do the need"
1031611888356847616,"we can see your point hope it s in the pipeline in the meantime feel free to reach out if you ha"
1031612675329912832,"for sure"
1031613002427101188,"ani update here i test to sqlpackage command over the weekend use the highest possible set f"
1031613421622423559,"azhelp do you have guidance on migrat a basic wordpress site from on prem to azure not sure what my option are"
1031619795894951937,"ha public peer been alreadi deprec eressroute"
1031625124934348800,"i tri to create one and it fail with an error invalid bgp peer type public peer ha been deprec"
1031627221306429442,"set up cisco asa vpn to azure what doe custom azurevpn policies withnarrowtrafficselector me"
1031630702155112449,"aztechhelp whi with my mpn suscript i can not create a qna maker service the manag price tier is unavailable"
1031630890290429952,thank
1031638252711829505,"hello i am tri to create an ert of an exist database in azure howev i am run into t"
1031642400224096264,"ani idea on which is the powershel command to create an azure user s last sign in report"
1031643589246427136,"day to go until the appserviceama twitter event thi is a great opportun to ask the product group direct question live"
1031644011944202246,"i need immediate bill support i have open ticket all of which have been resolv just to fi"
1031646251215974400,"day to go until the appserviceama twitter event thi is a great opportun to ask the product group direct question live"
1031647232636985344,"day to go until the appserviceama twitter event thi is a great opportun to ask the product group direct question live"
1031649583724736514,"sure i ll wait"
1031650452616568832,"aztechhelp i set up trial backup and put my credit card with them i guess when the trial end i"
1031651931926740992,"azcommun noth is run but of the memori is use whi"
1031653407227035649,"sent thank you"
1031653720516440064,"day to go until the appserviceama twitter event thi is a great opportun to ask the product group direct question live"
1031654503865561089,"here is a call for microsoft azure to ban neo nazi hate website gab for their constant threats"
1031656038846656512,"i restart virtual machine noth run but low memori warn chris com account what give"
1031657484967141381,"run vm as test account more memori than my office pc yet with noth open there is low memo"
1031661605975674882,"you guy realli need to pay close attent if you go to the first question it clearli say power"
1031661734195601414,"whi would a brand new window server instance come up with a black screen and cmd window when i log in for the first time"
1031664113469083648,"i can see it say someth like select manag and then it just goe black"
1031665477448282113,"also i creat thi new vm because our old vm ha gotten corrupt and ruin can i detach the drive"
1031672362997956608,"nope that s the onli error"
1031674566488346624,"a port as a software port to those platform mac and or linux"
1031675684454838274,"run the cosmosdb emul on mac or linux"
1031683463236251650,"hi i saw that post howev the script have a warn on them that is off put"
1031691851701604352,"you can run the cleanup script connect to the database copi without ani problem t"
1031699778332024832,"day to go until the appserviceama twitter event thi is a great opportun to ask the product group direct question live"
1031699836347789312,"day to go until the appserviceama twitter event thi is a great opportun to ask the product group direct question live"
1031702886466691074,"hey my virtual machine all of a sudden crash and now it seem no matter what i do i can not get the machine to loa"
1031721364774764544,"hi where can i complain about the azure support i m get i ve rais a performance issue days"
1031723675211497475,"ye i clear my cache still have the issue"
1031724299969802243,"when i click in api it suppos to show thi now it is show not found"
1031727364017860608,done
1031728362690109440,"how about you make thi text oh i dunno highlightable so i can copi the damn thing out of thi box"
1031748343955906560,"azhelp how can one recov a username and password on a virtual machine tri rest admin passwo"
1031750538952466434,"azhelp i want to create a virtual machine use free servic in japan region but i can not find j"
1031757163998277633,"thank for repli the virtual machine i m tri to deploy is a window virtual machine with stan"
1031783625811849216,"aztechhelp an exist connect wa forcibl close by the remote host thi happen recent"
1031785286659923969,"aztechhelp ca n t restore data from azure backup got error that credenti are not valid"
1031795473861042182,"test of a free tier of iot hub i m get"
1031796365754392576,"aztechhelp how to emb powerbi report on mvc app"
1031796648261955589,sent
1031798616082378753,"ok thank am check on it"
1031799334763995137,"hi do you have ani update on thi"
1031799717812822016,"i been follow that example but it seem not work error message microsoft identitymodel clients"
1031803780835278848,"in differ subscript i see that env variable website hostname is not chang it s value whi"
1031809640214999041,"do you have the procedure to migrate data from an on premise na share to a na share in cloud is asr is support"
1031810619920531456,"azcommun in your price calcul for virtual machin i see value of core name core s did you mean core s"
1031813576858775552,"ye some of slot set are mark as sticki"
1031814126404870144,"can you let team validate thi request"
1031815656310751232,"ye but the issue is relat to azure portal use old api version number"
1031815720030625792,"but accord to thi rd parti doc website hostname variable is sticki to the slot so i would"
1031819665113329664,"hi in our arm templat we use api version 02 01 azure portal use 03 01"
1031821753046233088,"portal s website and my own azure web app are unreachable with error dns probe finished nmain tri"
1031825894724300800,"while i observe contradictori behavior website hostname is switch with a slot thu could not be"
1031826587321335808,"i use a public dn and seem to be work now thank"
1031827164663083008,"are you sure thi is azure resource manag relat it seem to be relat to azure portal"
1031827621674401792,"azure iot europe west seem to have major issu unable to manage devic use c"
1031829024614637568,"azhelp i ve creat a b2c tenant ad for a test and now want to delete it the check state that are"
1031830269127544833,"is there a problem with some azure portal one custom one is work fine but in mine i ca n t clic"
1031834389645275136,"ye i m use thi but ca n t find for sure where the azure"
1031836149638152192,"aztechhelp it seem that our cloud service can not be reach from russia and china is there an issu"
1031836662890983425,"thank i ve found which seem to be what i need just wa n t document veri well"
1031840399772606464,"here it is"
1031840687359225856,"hi simon have you reach out to our friend they may have some answer for you thank"
1031840690894827520,"aztechhelp hello doe azure database are automat backup"
1031841936108269568,"i mean i use the azure database sql server i creat an azure database and what am is doe my"
1031843415993012224,"thank i can see the app but i in tri to remove tenant i delet the b2c extension app i thin"
1031843603474259968,"hi martin our friend may have some answer for you thank"
1031843831291899904,thank
1031858033016676353,"guy i fail to understand that my request get throttl even when i m not way near the ru threshol"
1031868860469850112,"hey is there a limit to how mani vm can be creat on the free tier"
1031870379671748608,"could you please connect with us at askcosmosdb com and please share your s"
1031870590129504256,thank
1031878080330125312,"hi jamie our friend may be able to help thank"
1031879977078321152,"ani idea what to do fail to link vst organ lt uname gt to azure subscript lt guid gt more det"
1031884923995598848,"aztechhelp azure alert are not send e mail notif is there ani log i can check whi please help"
1031904966980464641,"i m not white but how can you allow such hate people to work from your office how can"
1031907466664189952,"aztechhelp hello i want to host my static website html css js so onli frontend execut someon"
1031908747122098177,"azhelp need help with my account"
1031912853584924672,"under monitor alert i have creat alert to notifi on admin chang on nsg howev it is not send notif email"
1031917166659084289,"i have follow wizard in azure portal under monitor alert i have create alert rule and action group"
1031917629475364865,"it is a brand new one"
1031917992089669632,"i do not believe that i have overlook anyth unless there are some addit set"
1031919214586671104,"hi jamie our friend may be able to help thank"
1031919239236608000,"we d be happi to take a look could you direct message us with more inform about your use case"
1031921446442938368,"hi i ca n t create a qna service right now because of the follow error do you have ani hint of wh"
1031921515233792002,"aztechhelp whi would i not see zr as a replic option for a new storage account i onli see the"
1031924982094483456,"i tri to change all the locat search locat website locat and insight locat and i st"
1031929843913351168,"azhelpmeone ha hijack my azure account and lock my cto and myself out what can i do"
1031930355350102016,"azhelp i need help someone forci acquir admin privileg to my azure account and lock us out what can i do"
1031933156952367105,"when use a web app from a docker contain do you guy check if latest or without a tag is updat period"
1031936310590590981,"day to go until the appserviceama twitter event thi is a great opportun to ask the product group direct question live"
1031943489238560768,"azhelp is it possible to use a custom dn name with servicebu instead of servicebus windows net"
1031946382771400704,"i will recreate alert tomorrow for a first look i do not think i have miss anyth is there any"
1031952884307582976,"hi i would like to know if there will be a time when element like classic virtual machin should b"
1031953809252208640,"thank to we are now able to sync our custom db to azure sql all million records"
1031954301852106752,"t minu hour be sure to catch the appserviceama tomorrow we ll be here with"
1031956101963702272,"t minu hour be sure to catch the appserviceama tomorrow we ll be here with"
1031958772573327360,"such a cool event is set up i love it that our custom have open line of commun to the"
1031959031294963713,"have an issue creat a vpn tunnel between azure and a cisco asa azure document ha been no help"
1031961107345358848,"such a cool event is set up i love it that our custom have open line of commun to the product tea"
1031967408901087233,"what s in store for python on azure appservice in the future appserviceama"
1031969399752871936,"such a cool event is set up i love it that our custom have open line of commun to the product tea"
1031973758607618048,"hey whi did my subscript all of sudden get disabl i had plenti of credit left veri frustrat"
1031981259700850688,done
1031984619912978432,"i have receiv zero messag noth in email no alert noth i tri to access my azure sql s"
1031985260219777024,"t minu hour be sure to catch the appserviceama tomorrow we ll be here with"
1031986044613406720,"is the templat resource an abandon project seem like it s been in preview for quite a while"
1031988048614092802,"on the left pane choose all servic search for templat"
1031991294384656384,"ani thought on when ak might be available in the south central us region"
1031994858486022144,"t minu hour be sure to catch the appserviceama tomorrow we ll be here with"
1032003407895318528,"when tri to upload the sql database is give thi error photo"
1032006107244445696,"no as i indic i had to figure out a workaround to get our product up again"
1032006527882674176,"t minu hour be sure to catch the appserviceama tomorrow we ll be here with"
1032006648863354880,"unable to login to the portal appear to be a failure to acquire author token from access"
1032019956982894592,"thank so if i remove the spend limit from my account right now and pay via debit card am i pay"
1032020468964966400,"such a cool event is set up i love it that our custom have open line of commun to the product tea"
1032021805580476416,thank
1032022051542843392,"aztechhelp when i make a new webapp i have an error can you help me gt az webapp up in tariat te"
1032028891999817728,"such a cool event is set up i love it that our custom have open line of commun to the product tea"
1032031894463029249,"hi been hack for a week look for a powershel script runbook to stop start vm s on a schedule"
1032033812916649984,"i am not get ani traction from can you please assist"
1032037352871477253,"i see a4 v2 under the low prioriti vm in the price calcul but when i go to change the size o"
1032040298300538881,"hi were you able to ert the database"
1032041926420299777,"our database individu wa busi today he is attempt it tomorrow morn thank you for the follow up"
1032043455936118785,"tuesazure whi tf to vst migrat is a low risk approach to start devop"
1032050362025308160,"t minu hour be sure to catch the appserviceama tomorrow we ll be here with"
1032053839073968128,"i m excit about this"
1032053946682986497,"t minu hour be sure to catch the appserviceama tomorrow we ll be here with"
1032054065902100480,"it would be awesome if you guy ad the abil to select multiple vm and start stop them a"
1032055226042220547,"azurehowtotuesday learn how to deploy continu and trigger webjob use the azure portal"
1032055298293358592,"join gaurav malhotra and as they discuss how you can use repositori with azure datafactori on this"
1032055378408689664,"azurehowtotuesday learn how to review quota amp metric for your app service plan and see how you can easili set up alert"
1032056045554696192,"azhelp i want to move my partner subscript to a new azure tenant the onli thing run on the"
1032059392932294656,"lol typic custom care response ha haaaa"
1032070515597430786,"thank sent the detail over"
1032071389862354944,"will do"
1032074891707772930,"your support is terrible pm me asap to get actual help i wa told to submit a support ticket but t"
1032075564100636673,"ye everi time i want to access my e mail i am ask to reset my password thi was"
1032080634653683712,"team i need your support on my azure bill could you please help me on thi"
1032080968759300099,"please check your dm i will message u on dm"
1032087271502241792,"can you tri close the browser or clear all cache"
1032092577036726273,"aztechhelp use nuget package can not recreate a directori after it ha been creat"
1032094724625182720,"even after it ha been delet"
1032100660144091136,"t minu hour be sure to catch the appserviceama tomorrow we ll be here with"
1032102031383658497,"no complet lock out"
1032102330177470465,"i am the owner of the account but my cto ha admin privileg they forci obtain hi password"
1032103199799369729,"is there a way to monitor mount point use the linux diagnost agent instal on the linux vm"
1032145186510569473,"i ve submit a support request thank you"
1032158897597952000,"aztechhelp i m run a lemp in a centos7 vm the iop of that os disk is onli i did n t see an"
1032160810838175744,"he is there ani way to look into the doc of differ api version onli support the latest"
1032168968079851521,"azhelp hello team can we emb power bi on webapp api"
1032169293260251136,"i did receiv alert with h delay look like setup wa correct on my end i will reconfigure aler"
1032171375329505281,"aztechhelp hi all i think we have a problem due to the last update regres dure last week"
1032175382047457280,"aztechhelp tri to raise a ticket but can not ani reason whi our credit on a b2 should instantane"
1032177910835281920,"it is not work h delay with send email is below eectat for ani alert system"
1032181939044864000,"the reset pw function in b2c azure portal doe n t seem to work known issue is there a workaround available"
1032186429890277377,"unable to post anyth bodi text can not contain imag or link until we are able to verifi your ac"
1032186727375548417,"t minu hour be sure to catch the appserviceama tomorrow we ll be here with"
1032187229794390017,"we have a b2c tenant and want to reset the password of a local b2c user the issue wa descri"
1032187981669457920,"when use the iot hub there is a question about schedule job what doe complete mean"
1032188089559437312,"for example use the desir properti to instal the app to the device when the app is instal"
1032195399858225152,"excel thank you for escal it for me"
1032200934204604416,"thank you can find the post on"
1032203312689504256,"is thi known by you"
1032206577204387841,"sooo that s a ye then"
1032208754090168321,"thank you hope you get it fix fast"
1032208864127664128,"i have app servic all share a d1 app service plan the azure portal wo n t let me assign custom domain name t"
1032208989994577920,"thank the ad is manag by anoth compani consult for our custom they tell me tho"
1032209410385489920,"my question is can standard saml be use for role bas author send app role a"
1032209786778083328,"t minu hour be sure to catch the appserviceama tomorrow we ll be here with"
1032210955894226945,"they do inde but i m look to connect to table storage not bl"
1032211882898333696,"look like i just need to sign out of the portal and back in the option is appear now thank anyway"
1032213689112309760,"thank you for your reply i just refer to the document in the link you said but there is no de"
1032214351074222080,"new function service is fail over http wa ok a while ago but suddenli get fail connectio"
1032216569621823488,"3 3 howev it look like confirm wa success as user got a welcome email so the error message on the p"
1032218829387120640,"are there ani known issu with ms account feder oauth impossible to logon to azure portal wi"
1032222037237006336,"ye virtual everyth"
1032222054391656448,"oooh sorri had n t quite clock what you after yeah common integrat"
1032222211497705472,"ca n t say i ve tri it myself though lem me know if you do n t get anywh"
1032227416931004416,"aztechhelp we ca n t stop and restart azure it is tri to suspend but the machine hang"
1032233461610934272,"my vmcan not connect on port port from a subnet port it connect if i use dfrnt subnet fro"
1032235788300365826,"work now without ani update on my side strange but good thank for your help"
1032238120950018049,"tuesazure whi tf to vst migrat is a low risk approach to start devop"
1032239004333338624,"are there ani current issu with vst my build are n t run they just sit there say wa"
1032240076883996672,"my question is can standard saml be use for role bas author send app role as a saml cl"
1032240708785250304,"sorri about the inconvenience we re work to resolve thi now we ll provide upda"
1032240965334052864,"thank for the update"
1032244389853241344,"right the option now are email notif via the left sidebar"
1032244683462909953,"azhelp azure maintenance caus our website to go down want to get in touch with support but we"
1032248103976546304,"hey for web app ani plan on properli give us a way to black list robot script look for el"
1032248139397427200,"ed is correct"
1032249604908220416,"appserviceama will app service ever support auto scale up instead of out"
1032250131607900163,"thank in advance"
1032252208161726465,"see screenshot uneect error so how do i post thi on the form"
1032252995235467264,"had to reopen and post it in pieces here you go"
1032253581447987203,"aztechhelp hi i have renam my comput name after join azure ad but the new name ha n t been"
1032258485751140352,"are build down my build are await uneectedli long and not starting"
1032258658007240705,"hi volodymyr we re current work to resolve issu with build in west europe apolo"
1032260830933463041,"one of our west europe vm is inaccessible and we have downtime is there an issue with the data centre"
1032264014921977856,"here let me rephrase it appserviceama ho"
1032269785122463744,"got it thank ed"
1032274580507906048,"hey i need to spin up some vm standard dv2 famili vcpu for a workshop thi afternoon and my limi"
1032275248870313985,"i have but ideal need it now as i ve got hr min until the workshop start and need to spin the"
1032276124540305409,"have rais it to sev a and will start warm up my vocal cord"
1032276884497858560,"fantast service from i rais a ticket about backup polici thi morn and ricardo p contacte"
1032278421236342784,"ok i might have got ahead of myself and ask for it in central us instead of easi us my bad by kin"
1032278945847226373,"workshop prepar mad thi is actual what s happen here"
1032279014373814273,"i wish i could give you a hi 5 right now thank you so much now back to set up th"
1032279423049981952,"aztechhelp hi i am pretti sure that i creat a f0 qna maker resource in the past delet it a few"
1032280459764355072,"how to list all the item in sub directori and blob in a blob"
1032280719123513345,"t minu hour be sure to catch the appserviceama tomorrow we ll be here with"
1032281647645786112,"will thi list file or blob in sub directori too"
1032284806619455488,"is there ani new function for that thi seem bit old"
1032286681305673729,"workshop prepar mad thi is actual what s happen here"
1032289551824211970,"appserviceama is start in half an hour join our engin team and to get all of your app serv"
1032289647223877633,"appserviceama is start in half an hour join our engin team and to get all of your app service question"
1032289690710409216,"appserviceama is start in half an hour join our engin team and to get all of your app service question"
1032290288855863297,"appserviceama is start in half an hour join our engin team and to get all of your app service question"
1032290333877460992,"appserviceama is start in half an hour join our engin team and to get all of your app service question"
1032290626191192065,"appserviceama is there or are you work on a way to view a list of dev stage slot from differe"
1032291086025273344,"appserviceama ani alternative method that is no point 2 site or isol plan to connect to a vnet"
1032292032658763777,"is there a plan to increase the custom domain limit from appserviceama"
1032292132596248576,"appserviceama is start in half an hour join our engin team and to get all of your app service question"
1032293178156769280,"appserviceama whi do func app on consumpt plan not have outbound ip can you change the s"
1032296113569591297,"appserviceama is start in half an hour join our engin team and to get all of your app service question"
1032296236076810241,"we are not current work on such a capabl but you can see the list of slot by looki"
1032296350610681856,"we are intend on releas python on app service on linux in the next few month thank"
1032296657625333760,"we are live have a question about azure app service join us with and"
1032296877545349120,"sure you can use hybrid connect that will let you reach applic endpoint in any"
1032297174753636353,"we do n t thi option available yet though you are more than welcome to add thi to our"
1032297668771553280,"appserviceama is start in half an hour join our engin team and to get all of your app service question"
1032298183001497600,"appserviceama is start in half an hour join our engin team and to get all of your app service question"
1032298198075883520,"we are live have a question about azure app service join us with and"
1032298502125117440,"function app on consumpt plan can be run in ani of the scale unit in a region"
1032298653514387457,"thi should be a feedback request on sql azure"
1032298806698696706,"you can autoscale your app base"
1032299072701444102,"we are live have a question about azure app service join us with and"
1032299235151159297,"we are live have a question about azure app service join us with and"
1032299305187647489,"appserviceama lot of people want thi when will we get it"
1032299406979153920,"appserviceama is start in half an hour join our engin team and to get all of your app service question"
1032299593269174272,"we are live have a question about azure app service join us with and"
1032299842561888258,"thx for the response i had to get the canada central ip rang and whitelist them in th"
1032299970815303680,"aztechhelp ani reason whi datetime utcnow would generate a timestamp that s day in the past not"
1032300480418832384,"ye that is one way to solve it as we add more scale unit in the region the list"
1032304048374996992,"i think i ve to elain thi via scr"
1032304290088534016,"aztechhelp how is it possible to update tiller version to 0 0 in azure ak"
1032304751004844033,"definit felt like a maintain momentum task rather than a proper and perman fix"
1032304930890104839,"ani update on your roadmap as to when azure mfa enable and disable will be ad to user admin role"
1032305099396317184,"fyi azure app service is do an ama right now 9 11 am pst tweet to with appserviceama with your question"
1032306493989773312,"minut in and our app service specialist are answer some pretti interest question get your in now appserv"
1032306673304694785,"we are live have a question about azure app service join us with and"
1032306773041000448,"i ll check it out thank doe it work for resourc on azure too"
1032307011516616705,"appserviceama is start in half an hour join our engin team and to get all of your app service question"
1032309518171086849,"appserviceama is start in half an hour join our engin team and to get all of your app service question"
1032311455582892032,"hi aniesh while i am not a sub"
1032311602790445056,"appserviceama is start in half an hour join our engin team and to get all of your app service question"
1032312710355148800,"ani plan for an offici solut to free automat certif for sll traffic on custom domain like letsencr"
1032313186567909377,"hi patrick i d love to understand your use case for autosc up what metric would"
1032314527730126848,"you can use the letsencrypt site extens which work quite well"
1032315035664543744,"appserviceama is start in half an hour join our engin team and to get all of your app service question"
1032317262915686400,"thank for ask ad ram and cpu to one instance base in load spike instead of havin"
1032317426464161793,"bummer but ok"
1032318225185472514,"by the way appserviceama thi idea is awesome great mechan for our question ani plan to do"
1032318741462351873,"it seem a little cumbersome with app registr share app host plan ect the azure"
1032319584857141249,"get your question in while you still can one hour left to go azure appserviceama"
1032322293509357568,"appserviceama ani upcom event in europe you are plan to join"
1032324719192592384,"not that we know of yet the new cadence for event is be plan right now and we"
1032324935794839552,"on multiple account i am get error fetch tenant there wa an error fetch tenant plea"
1032325729894068226,"azurefunct will be on in octob"
1032325886882836480,"the letsencrypt extens doe work if a bit fidley but it would be nice to see it bake into the service"
1032326119037362176,"appserviceama is start in half an hour join our engin team and to get all of your app service question"
1032326323241463808,"by the way appserviceama thi idea is awesome great mechan for our question ani plan to do thi w"
1032326347270569984,"absolut we have a lineup of servic in the come month fill out thi survey to let us know what ser"
1032326805573648384,"here ya go"
1032326991897391107,"ani plan to introduce standard v2 plan with path to migrate appserviceama"
1032327021647474689,"and that s a wrap thank to everyone who particip want to know more about app service follow"
1032327863264002049,"and that s a wrap thank to everyone who particip want to know more about app service follow"
1032328714367852545,"ah okay and may i ask what sku you normal run on and what sku you usual manually"
1032328868030566401,"i have a question about best practic over at if you have a"
1032330512910757889,"and that s a wrap thank to everyone who particip want to know more about app service follow"
1032331917897609216,"not sure what you mean by migrate howev with the price reduct in premium the logical"
1032332492106346497,"i ll have anoth look i m not sure i had the option uk region to scale up to a v2 plan"
1032334131403706369,"should be available howev it might not be in all scale unit in the same region you coul"
1032337038803173377,"one in particular we run an s3 we do n t manual scale or anyth even auto scale ju"
1032337422598762496,"thank issue creat"
1032339965986971649,"aztechhelp i m have problem to open ticket since the support plan show in one subscript and t"
1032341710850994176,"sure what do you need"
1032342301278986240,"and that s a wrap thank to everyone who particip want to know more about app service follow"
1032342417096224770,"ye but it should n t have thi distinct"
1032342466500980741,"it s not a bug issue as far i can see it s a restrict on the lower app service tier so not sure i"
1032342474428112896,"azcommun i creat a support thread but my problem is not get address here is the msdn for"
1032342585426280450,"i sent detail on private message"
1032347234522865674,"thank post is here"
1032349454735618048,"we re still talk about scale up correct s3 is the highest for the standard tie"
1032360705054441473,"thank to everyone who join and i at the kubernet workshop had a great time and"
1032365045777235968,"aztechhelp cisco call manag can it run in an azure cloud"
1032372076416401409,"mine is free subscript and i am tri out the feature before we decide here is the subscription"
1032372303487586304,"the link is"
1032378091673276416,"i ca n t seem to create an account keep get aadsts50058 a silent sign in request wa sent but"
1032379762658824193,"actual i can create a support ticket so i will do that"
1032380160274653184,"just did thank you"
1032381228610011136,"aztechhelp hello can i use the port in my ubuntu vm"
1032389961432018946,"default one is work fine a purchas one doesn"
1032392120693338113,"ye exactli scale up dynam base on demand then back down again dynam may"
1032396120582971393,"we are live have a question about azure app service join us with and"
1032398165297659904,thank
1032399309377916928,"wonder thank that s exactli what i wa look for"
1032399460125401090,"re reg 118082218837901 i have n t heard from the tech for quite a while and i could use an answer a"
1032402556285317120,"aztechhelp ssl cert becom invalid for azure website what give"
1032414800549228544,"all good now mostli my mistake"
1032415982008954880,"thank you so much i shall reach out here"
1032416146346016768,"okay cool thank so much for provid your input"
1032417160339968006,"ok i ll do that tomorrow morn thx"
1032435677365907457,"thank you"
1032438583053836288,"thank you for your help i open a question that can be found here"
1032445460890312704,"aztechhelp the app service certificate auto renew set page could not be load"
1032451055282401280,"hi i d like to change my payment method but seem it doe n t work at all when i click add attac"
1032462663874310146,"thi solut it seem work with native app onli it seem can not work webapps api on entiti framewo"
1032472415140556802,"data connect not work in my app service please help connect string tab show a raincloud w"
1032478375728672769,"azurefunct will be on in octob"
1032478390266224640,"by the way appserviceama thi idea is awesome great mechan for our question ani plan to do thi w"
1032485950306148352,"i had luck configur a pool with contain through the portal did that work for you"
1032523407877959680,"how can i be sure what device is actual send data to my azure iot hub when read the data o"
1032533796388786177,"hey there if you have ani question about your bill we would suggest you to reach out to our bill team throu"
1032533881046687744,"by the way appserviceama thi idea is awesome great mechan for our question ani plan to do thi w"
1032535274004328448,"hi david our friend may be able to help thank"
1032536462301061120,"do you know when"
1032537471530221568,"ani reason whi manual creat azure func app via portal use api version 03 01 cfr"
1032539269707911170,"hi do you know if microsoft is go to make these attribut available to the public if not custo"
1032540984024883200,"hi guy how can we migrate a vm from azure pack to azure stack"
1032544777395421185,"it upset me more than it should that the azure csp login page ha a chap walk around data center look at a"
1032545051006697474,"thank you"
1032545726377734145,"manag to find it thank anyway azure iothub wooho"
1032567769018056704,"app service auto scale out"
1032567818586345472,"when you instal data factori analyt preview from the azure marketplace you get the following"
1032570382706987009,"fascin data science workshop with s and from teensinai2018"
1032574703842541569,"fascin data science workshop with s and from teensinai2018 teensi"
1032578054156152833,"azhelp i have set up a trial i have creat a resource for a database but do not know how to log i"
1032578990739992577,"when do you plan to deploy network watcher traffic analyt function in canada central region"
1032584560771457024,"i am unable to see my access polici detail"
1032585140868771840,"i am unable to see my access polici"
1032585485498179584,"we are eerienc error with azure notif hub is thi a known issue start around minut ago"
1032586759094321152,"we get an uneect except encount when tri to send notif i ll dm you more detail"
1032588524791517185,"yeah at the time i think they onli support window contain is that still the case"
1032589941522554881,"thank to everyone who join and i at the kubernet workshop had a great time and now loo"
1032593235363942400,"we are see the same thing all send and regist oper fail on notif hub w"
1032593412950831107,"fascin data science workshop with s and from teensinai2018 teensi"
1032593421318475776,"rais an issue on support support request number"
1032593602034245632,"fascin data science workshop with s and from teensinai2018 teensi"
1032593709366476800,"hey i need to spin up some vm standard dv2 famili vcpu for a workshop thi afternoon and my limit is se"
1032594026304819200,"slightli annoy"
1032595734238056453,"aztechhelp ca n t connect to remote desktop error nla"
1032595912642707458,"happen when you stick the window to the side of the screen"
1032596691193683968,"hi rovin can you refer to the detail on and let us know if thi help fc"
1032597363003744256,"fascin data science workshop with s and from teensinai2018 teensi"
1032600687467745282,"have the same issue there our notif hub just stop accept all request since 43 utc"
1032602237904871424,"hi yeah we re see the same plz send halp"
1032602454318370816,"hi thank you i ll tri these option"
1032604179259449344,"it seem like my azure postgr server suddenli kept drop connect for minut for no appare"
1032605423101202432,"we are have problem with notif hub in the west europe region unable to connect and no inf"
1032606031438856192,"ani chance will make it into in my lifetime without hook up script"
1032608487820484608,"the roadmap for cloud servic is like a graveyard the peak of hope it would get a little attention"
1032609725039501312,"aztechhelp i ve been use azure web app for some time now i often eerience that ttfb is a great"
1032610454554726400,"fascin data science workshop with s and from teensinai2018 teensi"
1032612748394283008,"can you please let us know if the deploy of ml model fr"
1032614720686247937,"same for us error respons for all our notif hub but no informa"
1032614836235132929,"aztechhelp we just had an outage of one of our notif hub major product outage but your"
1032615039910338560,"sent a message just now"
1032617130104184833,"hi is there a page where it s possible to check all the azure machinelearn studio featur just"
1032617678345777153,"hi david our friend may be able to help thank"
1032617913101025280,"aztechhelp my servic are down mysubscript are valid until june what wrong my client wa sttope"
1032618072371343361,"hey there we would suggest to have a look at our roadmap where you should see upcom and recent releas for"
1032618130265321472,"hi david there is a good stack overflow document on thi topic on th"
1032618693673590784,"i ve just creat a storage account a blob storage account i then create a contain and set to blo"
1032621068207489024,"we found thi document that list sql server or later databas as be compatible with azure s"
1032623100796563456,"notif hub are work correctli now thank you"
1032623821944233986,"no the issue seem to be resolv still wait on an update to the statu page on our end we st"
1032624456450142208,"same here first error at 08 23 00 30 702 last error at"
1032625438386991104,"from what i can see in the portal there is n t actual a subscript link to thi aad just the vst organ"
1032626041146236928,"how do i answer these"
1032627870487797761,"i am have trouble with the price calcul the price for azure sql instance doe not seem to re"
1032628982125154304,"all were like that but i refresh the page and it magic went back to english noth unusual"
1032629262015180801,"no notif in our portal dmed you"
1032632077349466117,"yeah all english and alway ha been never seen anyth like thi before"
1032633133097730048,"i alreadi check that link i found the follow feed is empti and it doe n t refer to azure machin"
1032633789107916800,"aztechhelp unable to add data connect connectionstringpart may corrupt"
1032633872461324288,"thi is the link for everyth relat to machinelearn almost empti"
1032636411181117440,"aztechhelp updat for my ubuntu version vivid 4 no longer exist is there a way to upgrade"
1032637213413126145,"i also follow that blog but there are onli main announc i tri to get a feed from thi site"
1032639946744623107,"and that s a wrap thank to everyone who particip want to know more about app service follow"
1032641292486901760,"thank but thi article look old my virtual machine blade ha an update manag link but no a"
1032642915162644481,"done hope to get a way to keep inform"
1032643750579916800,"seem a little messi i ve tri to move the app to a support rg region but scale up still"
1032645763203915782,"azcommun we ve been use o365 for year with no on prem server now we need a server we have wi"
1032648759786844160,
1032649074489679872,"no my dell laptop at x resolut"
1032650198881730561,"in here it say linux agent must have access to an update repositori which is my problem my li"
1032655119865860098,"just look for a clean path to scale up from s3 to p2v2 step are on my previou tweet i v"
1032658932257280000,"i m rout my data factori log activ pipelin trigger to a storage account and i m a no"
1032664416326545408,"before clone create a new app and see if you can select p2v2 at the app service plan crea"
1032666662628151297,"anyth up with storage in west europe north europe"
1032666945533820929,"see attach just enabl thi capabl in the azure montior to evaluate for a client do n t know"
1032669054773936129,"is it possible to link a virtual disk to an app service the goal is to ee it and use it to store"
1032669566701322240,"i have my entire busi on azure realli d"
1032670585053224961,"your engin help us through the workaround thank you for the swift and adequate support"
1032674603884322817,"think that ship ha sail"
1032676129637900295,"sure you have all extens turn off while view thi some browser extensions"
1032678284507660289,"i have my entire busi on azure realli debat p"
1032680927632220167,"i have my entire busi on azure realli debat p"
1032681754732232705,
1032692245869326336,"guillermo hernandez hello i need help tri to allow an inbound connect from an extern server in azure environ"
1032692692755591168,"wonder if anyone can help me delete an unus ad tenant tri a few approach hit a brick w"
1032692974977732609,"hey ye we need to allow an incom connect from extern ip to azure we are have issu with it"
1032693948727349248,"wow that wa quick"
1032694026393268224,"ani updat on get cosmosdb on azure stack"
1032699573104467968,"of course i wa ask becuae of thi octob more detail on azure cosm"
1032702157403942913,"aztechhelp i am get thi when tri to access my brand new azure virtual machine with my brand"
1032704658106662913,"thank for the help but i m still eerienc the same problem no matter what i do the azure port"
1032705210823712769,"get azureadappl cmdlet list single app delet it gener delet of multi ten appli"
1032709308822290438,"sent a dm"
1032709336659906561,"hi thi guidance did n t help once i remov the hostnam from the custom domain blade i couldn"
1032709384714039296,"aztechhelp good day i just creat a azure database for mysql resource and i seem to be able to tel"
1032710573325279233,"appreciate the help here on thi i got an app clone onto the p2v2 plan i guess i m just tr"
1032712110084632577,"azure ad sync complain about mail attribute be mismatch although it display the same addres"
1032712556044013569,"aztechhelp i need to create anoth user to my database without admin right just to allow him he"
1032717589464711168,"what event actual trigger the input of the mdm url dure an autoenrol in to mdm h"
1032717661522644992,"it is on our roadmap thank"
1032719647576150017,"is that what t"
1032723034199732225,"hi ye just and sql database"
1032725941469028352,"aztechhelp hello i am have problem with the database connect of our postgr service when c"
1032727277002543105,"no luck i m afraid use the remove azurermadappl cmdlet gener the same error deletion"
1032728823417188353,"will do thank for your help"
1032731803256115200,"true thi is due to the fact that we just wo n t have the abil to host pv2 is all scale unit"
1032738731126648837,"can someone from the web app api team look at thi use the azure sdk if y"
1032742349309267970,"aztechhelp how do i delete my account no unsubscribe not delete content and be happi with the empt"
1032749340903829504,"could be extens could be browser just want to let you know that thi exists"
1032752661450432520,"i am tri to scale an azure sql database from s4 to s7 and for more than minut is stuck to"
1032753541427945473,"it doe n t help the paragraph you domain is no longer visible in the azure portal or domain wa acc"
1032753902972755968,"thank it work veri well veri good support"
1032757884138991617,"ok thank for the help it wa a little project of mine to get thi scale up i ll chat to"
1032767037800476672,"i hear you it s unfortunate that we are n t able to provide a seamless transit in some sc"
1032783330649862144,"azhelp i have some old vm in win2012 and i wa able to increase the size to a few year ago"
1032785335959224320,"is it possible to link a virtual disk to an app service the goal is to ee it and use it to store data fro"
1032799227397562368,"ye but it doesn t elain whi diagnost log from adf v2 are miss from the storage account i ve"
1032800900820160513,"the link you provid doe n t work"
1032827764271804417,"we are live have a question about azure app service join us with and"
1032831563875184641,"hello is there a contact for or email address in which i can get in touch with someone in regard to"
1032834230261358592,"thank you veri much i will submit the report tonight along with court document"
1032864831139770369,"hey guy i get thi error when i tri to use connect troubleshoot in azure network watcher i tri"
1032869430168973312,"i tri it now for a troubleshoot doe n t know exactli how long it wa unavailable for a few days"
1032870935823437824,"not sure about it because i tri it today for some time"
1032872202725601281,"still error come sign out and log in again"
1032889125723156481,"latest chrome ublock and lastpass"
1032892239347888128,"is it support to use standard ssd public preview in product"
1032895097719808005,"if the underli physic partit are less than doe logic key distribution"
1032896771322720256,"aztechhelp is it possible to get xbox live service to nat type to open the best thing i get is is"
1032902203646914561,"thi is a azure problem i have open all the port xbox live servic need the best i c"
1032917944056143873,"aztechhelp play with azure backup and so far i have n t been able to complete a single initi ba"
1032921890317365248,"aztechhelp whi am i get error could not read from socket error in the pull function when i tr"
1032924733141069824,"i ve been tri to change nameserv for hou now but they still have n t chang"
1032926845489033217,"can you help me understand difference between virtual network connect and app service hybrid connect"
1032927128688451584,"configur auth with aad in"
1032942059139858432,"after the ssl eerience chang in web app client cert doesnt work anymore i upload the cer file"
1032945874715009024,"how do i get access to an app service from a link tenant app service onli resid in default direc"
1032948964318949378,"ublock can defin do weird shot with som advanc web page would turn it off"
1032949422307651584,"azhelp hi i m unable to find my azure subscript dashboard show noth account is loebook"
1032949598183153666,"hi could you please help me ton configure lumifi please thank"
1032950087624876033,"the error is not elicit"
1032953032651223041,"ok i ll do that thank"
1032953393516433409,"ani idea when sqlserverbackup will be in ga it s in preview for a long time now"
1032954871048220672,"is there an easi way to grab the full http request response for a web app"
1032957839445114880,"i host an app use web service and ad auth i follow thi ho"
1032958759318970368,"email and name"
1032966045391237120,"that help thank ak"
1032966838739709953,"doe anyone know how to configure azure diagnost to be written to a loganalyt sink in wadcfg"
1032971942838460416,"ye that s the one"
1032973696644706309,"anyone else hit thi issue when call gateway from i had to elicitli enable"
1032975657372934144,"we are plan to ga it in first quarter of year we will have excit features"
1032978464440311808,"ani idea i wonder if it ha anyth to do with creat the app say almost a year ago the fe"
1032978531150688256,"how do you prevent web app from return chunck data our app which wa return content length"
1032983665662468097,"hey all how do i change from pay as you go to reserve price"
1032986576312123393,"thnx for the link forgive my ignorance the question still persist to rephrase it"
1032987704030638081,"sound great would be interest to investigate further"
1032996924327112704,"our friend would be happi to help"
1032998932626866176,"here is the link"
1033001517370884096,"the cosmo db service constantli optim the partit allocation manag logic"
1033001706588491778,"howev our recommend is alway focu on pick a good partit key rather"
1033002071052693504,"aztechhelp good morn now i have two db with us one of them have dtu now but i reduce to"
1033002214871130113,"please connect with us at askcosmsosdb com if you have further question"
1033007138212376580,"hey azure support thank you it doe help howev i m also hope to get ani recomenda"
1033033898790477824,"aztechhelp i want to move a recoveri vault onli use for simple file fold backup via azure bac"
1033035536016044032,"aztechhelp i m tri to configure ftp on ii and azure but i m not able to connect on ftp app dis"
1033042630488285185,"well post a question on that forum wa n t realli help are there ani other support option"
1033044561004818439,"well the engin just re iter over what i alreadi knew and tri before fill support case r"
1033050828536467456,"phish o365 hx"
1033051391626018822,"phish o365 hx"
1033051484043268098,"phish o365 hx"
1033052017952993281,"phish o365 hx"
1033056501135548416,"tri to submit feedback on azure atp portal and i get an immediate undeliverable that the email it s"
1033058511553482752,"if we disable schedulerjobcollect will it be bill"
1033059660595650560,"submit feedback about feedback"
1033061360140251136,"i would like to create a schedul in azure we have differ price tier standard p10 p20 the"
1033072761588068352,
1033073083287052289,"aztechhelp have trouble verifi my custom domain even though i have ad the txt record in my h"
1033073561156689920,
1033073907845263360,"it s a phi"
1033074001910874112,
1033074512923750401,"do we have dedic handle for microsoft authent app suppport or pm"
1033076545907126272,"yeah even tri look into app log but that didn t help much ani direct contact email"
1033089253163577344,"azhelp hi i have troubl use the active directori enterprise state roam it not sync in"
1033089324491915264,"anybodi ha been there node type is not primari reliabl is silver durabl is gold autosca"
1033092516130828288,"no error code thi time i we are new to azure and active direcotri premium p2 and want to have"
1033093683820855297,"should it sync the set instand or doe it need some time i tri to lock the user or log t"
1033095977723457538,"phish o365 hx"
1033097769156632576,"we ve been stuck for hour in pend domain valid approv for verizon cdn tri to activ"
1033107629302640640,"azhelp can i use an app service certificate ssl on my plesk onyx instal host on azure"
1033108841309687808,"no error the custom domain entri for the endpoint just remain in thi state after attempt to ena"
1033110801547055105,"hi i creat support ticket case 118082318846166 with my question as i mention in the forum su"
1033114577888661504,"my signup for the free trial keep fail and i am then taken to a page for paid support option help"
1033123327718633476,"hey you guy got my contact info guy gave me a call wa suppose to send price info so i can get a"
1033134914407780353,"ye that link allow me to support request with two question relat to ad but support guy want"
1033135416558284800,"regard the exist request case i do n t see ani email commun in t"
1033141420163354624,"case open as critic at fri aug 15 24 pm utc request thi come aft"
1033141726611832832,"hi tim sorri you re have issu our friend can provide further assistance"
1033145389279576064,"aztechhelp i receiv an email about an inbound outbound ip address change that could potenti a"
1033158588405960704,"are you ani good at freez time noth else seem to work but thank for give them a shout"
1033183190549258240,"my colleague azure account have too less locat to make window virtual machine she want"
1033190247931228162,"hi so as i can see for germani locat we have to sign up at azure germani which i just tr"
1033191195286155266,"oh i wa use a private window of chrome i will tri again in normal window browser and will let you know"
1033206894544842753,"phish o365 hx"
1033210314987171840,"aztechhelp can not access azure data factori at the moment it s just show a blank page"
1033211560242569221,"thank for your prompt response i m in australia but the data factori is in the east us region i m"
1033213238379343873,"it s not work in firefox either"
1033233163919806464,"phish o365 hx"
1033241053976043520,"phish o365 hx"
1033251638075695104,"azhelp whi not able to request a consult for access partner central for ms marketplace app source"
1033252239211732992,"whi not able to access partner central for ms marketplace app source azhelp"
1033302616841699329,"thi is a nightmare i spent two time crit day work with azure support to learn that it is an"
1033302945868050433,"tri to reach office support in hong kong"
1033303177032945665,"in the meantime my whole team ha been lock out since tuesday night"
1033315063812247552,"we are live have a question about azure app service join us with and"
1033321228570972161,"phish o365 hx"
1033329842643599360,"phish o365 hx"
1033330366021492737,
1033335340260618241,hilario
1033348745679659008,"i am unable to access properti of b2c applic is thi a known issue here is the output in the"
1033359277182730242,"anyone know how to automat import an openapi swagger definit file into azureapimanag gateway whe"
1033402683607212032,"phish o365 hx"
1033407489042272256,"some of my appinsight alert are fire in a veri weird pattern i m get both healthi and unheal"
1033409512840028160,"intermitt everi couple of hour since thursday morn utc then constantli everi mins"
1033410072200835073,"not sure if i d look for a network issue since test locat have success and have"
1033415162693410816,"still get thi in normal chrome browser someth is realli bad in here please look into"
1033425495172554753,"aztechhelp i provis a d4 v3 vm and it is run a local process slower than my local mac"
1033427816556253184,"we have some appinsight alert that keep come after we delet the alert suggest to make them stop"
1033430180835074049,"phish o365 hx"
1033432953622122497,"fascin data science workshop with s and from teensinai2018 teensi"
1033439876564361218,"hey ani known issu with event grid or azurefunct i have tri to create a new subscript fo"
1033441495183970306,"hi thank for your repli i log in with anoth account tenant admin right after my post that s"
1033442561266991104,"wa creat an azure function few minut ago and also had to tri few time although mine"
1033444535647592453,"wa under valid on the event grid subscrib in my case"
1033573360070885377,"aztechhelp how doe virtual machine add more public network ip"
1033574968628367360,"can a virtual machine allocate multiple public ip address"
1033589767693193216,"there is no way to add more than one ip to a virtual machine prompt a network card interface to a"
1033614469383958528,"thi is a disappoint and sad eerience i learn thi morn that my veri first request to t"
1033614470738845696,"thi is a disappoint and sad eerience i learn thi morn that my veri first request to the enginee"
1033641743554629634,"hello there i have a problem with my website host on azure i get thi message when i access the website the pag"
1033643752202665984,"i ran a diagnosi an i saw an error that my app is eerienc server error see attach below"
1033646929257877504,"hello anybodi home"
1033654674770026496,"hello there i have a problem with my website host on azure i get thi message when i access the website the page can not be"
1033659837358452736,"ms doe not allow me to use azure ai"
1033660092724523008,"ms doe not allow me to use azure ai"
1033698259246637058,"thi queri is regard azure storage file service is there a limit on the maximum number of file"
1033711513180069893,"ye thank you thi is what i wa look for"
1033743999901687809,"payment method update card swap especi is fail since yesterday tri multiple browser but"
1033745349540605952,"is there ani number we could reach them on directli there doe n t seem to be one for india please share if there s one"
1033747188734676993,"is the arm template for the alway on sql cluster available on github the latest same version as the"
1033748139738427393,"thank for help unfortun azure support onli oper between mon fri dure standard biz hours"
1033748926527156224,"the version in the marketplace ha an option for sql server but the one on github doe not have that option 1 2"
1033748980780421120,"sql2012sp2 ws2012r2 enterprise sql2012sp3 ws2012r2 enterprise sql2014 ws2012r2"
1033749690024488960,"on a side note that error message belong to the error message hall of fame right below pc load le"
1033755190153936899,"sorri guy but that link seem to go to the same place i tri to find a mssql forum there but didn"
1033760849272418304,"alreadi have two ticket open last one today all our server are down and service interupt"
1033763414559129601,"done the other ticket is from aug and last repli day ago look like azure support is"
1033785642667462657,"hey aztechhelp in cdn the domain valid is in the same step since more than hour the cname"
1033788584048971776,"i am in thi step the cname ha been configur hour ago accord the document there is"
1033789913358118912,done
1033809347690811392,"aztechhelp if i schedule a daili backup to azure of files fold at hour x and the client compute"
1033810184131497985,"hi are you wait for the domain valid email na"
1033847635847901187,"tri creat a new azure germani account and setup a pay as you go subscript after enter the"
1033849728734306305,"ye it look like it did work thank"
1033850840208089088,"phish after i report thi phish site day ago to the site is still up"
1033851944786440192,"smoke last cigarette rock back a"
1033854993487486976,"can you tell us when the sa node will be live the web site onli say"
1033855949348298753,"thank br sorri if i wa n t clear by sa i meant south africa za chri"
1033856899676958720,"sure the azure site just say come soon"
1033857548170878976,"awesome thank chri"
1033862077893554178,"aztechhelp after increas the limit to e32v3 32 vm gb mem whi am i not able to instal h"
1033863715706298369,"dm done"
1033895271938379777,"not the best email i ve receiv maybe future version can include work link whi d"
1033896342307962881,"oh look it get better qa failure bigiron or badjoke"
1033899174557872129,"phish after i report thi phish site day ago to the site is still up"
1033908365972271104,"phish after i report thi phish site day ago to the site is still up"
1033909251754749952,"get thi error creat a webapp on australia east not enough available reserv instance server"
1033933360169504768,"azhelp mistaken applic for a subscript if cancel thi make me veri upset"
1033935147920314369,"misoper of two support can not be close result in an applic for deduct how do i cl"
1033935869369958401,"how to stop subscribe to these two warn which make me veri distress"
1033942732866088960,"azhelp how to pull logic app connector s metadata use c sdk"
1033949839032307712,"thi is where premium azure support realli excells but then again it should not h"
1033977120475635712,"get thi error on a few websit ani fix"
1033980493597798401,"it s not my website just want to download a few thing from there and i end up getting"
1033983162798489601,"azhelp i have receiv a message say i have an outstand balance howev have n t done anythi"
1033983627409862657,"quota issu then is n t it"
1034018258352001024,"i open a trial account creat an active directori it say that the resource is set up but i"
1034056700028960774,"phish after i report thi phish site day ago to the site is still up"
1034059201281224704,"it would be nice to have an email to complain about your servic"
1034060043845545984,"ye thi happen on safari and chrome as well is it possible to have the ip block"
1034060750782906369,"it s back up onli on chrome"
1034061941948510208,"aztechhelp i purchas a window instance with preinstal wowza engine manag from azure market p"
1034063205839134720,"thank you"
1034063568268877824,"azhelp i m tri to enable search for cosmodb mongodb api but there is nowhere in the left panel"
1034068060376891394,"learn all about azure backup report today at the azure academi"
1034074175093317632,"azure keep deduct from my card without activ ani service sever mail to support none ha been answer"
1034083416994717697,done
1034094653371547648,thank
1034103397115408384,"phish after i report thi phish site day ago to the site is still up"
1034115446549737473,"i have a webapp that wont allow me to set it virtual directori set the set have the webjob"
1034116856188203008,"the set have for the past year been in the same place in a new appservice gt applic setti"
1034118961208717312,"i ve done that before and got charg r300 which is allot of money in my opinion for someth that s"
1034129490803343361,"is there a way to test if a vm on is still available if a certain datacent is down v"
1034131154016919553,"no issu at the moment it s just a gener question and i would like to know what would happen in case it happen"
1034133128955215874,"i sign up for a paid azure support plan at 100 mo i creat a c ticket on the rd i m still cha"
1034133492865658880,"but there is no way to test ahead of time if the vm will remain available and run from other data center"
1034134397803421696,"problem is that i do n t have a way to create a second support ticket i have been author by you a"
1034135540856119297,"loecda where is the api document to configure not enable jit access to vm we need to be abl"
1034144794778337280,"twitter is async no problem"
1034145844012957696,"success deploy my website and servic multiple time last success at 33pm est now all"
1034148963849367552,"ye i ve seen that how do you automate thi without use the azure portal"
1034155188964052992,"aztechhelp my appservice use the b1 app service plan but i am unable to assign custom hostnam a"
1034179684400021510,"hey is there ani know issue on creat om solut in the portal right after the solut is crea"
1034184791933902848,"aztechhelp hey you all i m have trouble with queri time in my web app sql database on azure can you help"
1034192245233209346,"we re see azure template deploy failur for appservic all fail with error in"
1034194679384993792,"thank check the statu page just did n t know if you had ani other report intern wan"
1034200435228176384,"hey is there ani document on how node site are suppos to work when deploy to app servic"
1034201014281199617,"sorri we ve been dig in here the error seem intermitt as some of our releas are"
1034201751560146944,"to be extra clear here the app itself is n t even be deploy so we re unable to manual r"
1034203757557440513,"catch up on some of the excit announc last week for azure reduce eure to brute force attack"
1034203800934920192,"hi guy still wait do you have an update"
1034203933277794304,"hey is there ani document on how node site are suppos to work when deploy to app servic i ca n t s"
1034237870427516928,"an easi way to improve performance is to enable automat tuning"
1034271468782280704,"aztechhelp hi i m in evalu period of azure and i ca n t connect to extern ip of ani service"
1034293834744647680,"hey team just wonder if increas an address pool on a virtual network gateway point to site wil"
1034295854813728768,"thank you"
1034302795342434304,"thank mate here s a link to the post"
1034307275031113728,"catch up on some of the excit announc last week for azure reduce eure to brute force attack"
1034312029010575361,"microsoft azure data welcom attende to vldb azure sql cosmosdb analytics"
1034326331968892928,"hi christoph can help you if you need assistance thank"
1034347964670648320,"hey is it possible to unlock port for a vm of one of my custom thank"
1034349158893867010,"i ll check thank"
1034353289805160454,"also be aware that there is a restrict on port for payg subscript"
1034356979580522496,"aztechhelp i receeive an error tri to open azure ad i chang my person ms id and i think i d"
1034361239965761537,"i will make a new article because i can not access anyth in the aad admin center i receive the er"
1034363258956906496,thank
1034363840396443649,"hi i have one question about azure storage account if i delet blob from contain store in azur"
1034367802088607745,"ani word on when net core will be support on app servic"
1034373361193893888,"microsoft azure data welcom attende to vldb azure sql cosmosdb analyt cloud"
1034374158770233345,"hi do you know if there are plan to support move manag disk between resource group currently"
1034376638602141696,"between gcc spam and my call histori is fill with 91 number"
1034377548224851968,"i never imagin that gnu c compil would resort to phone spam what is the world come to"
1034378096323977216,"hi that s not realli my use case though i want to move manag disk between two resource group in the same subscript"
1034378943930032128,"yep thank it s csp so it ll be good"
1034384936806047745,"thank for that i ll have a bash i seem to rememb thi caus an issue with disk name though"
1034387757626523648,"ok thx"
1034393276235821056,"partner center is unaccessible access from india if that matter"
1034397771170828288,"just circl back on thi doe appservice support active active gateway for p2 connect vnet integr"
1034401125938749441,"same here in germani csp is not accessible"
1034405600807989248,"if the page doe n t even open how you will gather thi"
1034410804408283136,"thank it work"
1034419750301040641,"hey did you get anywhere with thi we re see it too in a west europe app service"
1034420378456743937,"nope run same code on ii or ii eress local doe n t exhibit the same issue i h"
1034420809153085440,"are there issu with uk south region as we can not create ani sql server or databas in thi region"
1034423807048671232,"i have instal rd device cal licens and rd session host on my azure virtual server ws2016 and l"
1034426607224713219,"no rd s session host ha my licens server activ and report no issu multiple people login"
1034428834433654784,"thi is now my second window vm isntance i m tri to spin up in azure and also thi one is comp"
1034429959446687745,"everyth is green on statu page as usual no need to check that is the latest win7 image just br"
1034430884487864320,"and eventu after wu ha search for updat for minut"
1034431351250997248,"our c app ha trouble connect to a client s domain in our app service main domain unable to re"
1034433369491288064,"let me clarifi it onli happen when run on an azure web app get doe n"
1034433526962249729,"are the app servic maybe use some kind of domain blacklist that could cause the issue"
1034436551055429632,"thank you truli appreciate your quick respons"
1034437702849126400,"i m eerienc issu with azure cdn for a storage account the endpoint for the cdn is return a"
1034438295885959169,"aztechhelp i can see my page but my database connect wa down i need restart for time this"
1034441068589318145,"are there issu with uk south region as we can not create ani sql server or databas in thi region"
1034441085416886274,"we ll take a look for you now could you send us a quick dm with your subscript id"
1034441255672053761,"my page wa up and sundelli the connect with my db stope i restart in my azure portal for ti"
1034445274519953410,"eder com br brazil south"
1034447237106069505,"please send us your subscript id by direct message al"
1034447460209446918,"in central us did you have ani outage or maintenance downtime for azure sql server from am to am"
1034447800300396544,"i check the document you provid to make sure i wa use the system correctli it look like"
1034453544974344196,"that doe n t help it look like there s someth wrong here azure is send me a on a resourc"
1034454254822596613,"that s what i wa tri to avoid the lengthi and frustrat process of submit a ticket and t"
1034458252984176642,"get the can not upgrade with exist function message when tri to change a function app fro"
1034470473508241408,"azhelp i current have an azure sponsorship for a non profit that will eire soon 2nd year will"
1034477291898720257,"what shall be the reason for the alert statu warn for cosmosdb classic alert setup i did got o"
1034479332960268290,"dure creation of deep learn virtual machine i see none of the plan available in both east us a"
1034479909090013184,"thank you"
1034480514109861888,"alert statu turn into warn for cosmo db classic alert rule i setup i m wonder what s the"
1034481393802203137,"attach ss i m tri to create deep learn virtual machine dlvm th"
1034488682726785025,"you d have to be stupid to use since they l"
1034490337451024386,"can go peac sunset itself"
1034490434704297986,"will activ censor you unless you happen to have polit worldview within their"
1034491248294252544,"guess i get the issue now thank"
1034491290262667266,"ye your chief legal offic admit to willing to"
1034492120181166080,"for background"
1034492912380334080,"how about censorship on gab"
1034492953451028482,"aztechhelp can i get support please"
1034494174756843523,"doe you sell softwar or moral paradigm"
1034498127062081536,"it hasnt even been a month and you forgot alreadi"
1034503117491118080,"we have a case open too i ll let you know if we get ani traction"
1034503580265443328,"our is a west europe service as well will dm you if we get anywhere"
1034503969362599936,"have a look at sendgrid to send mail"
1034505142337503233,"for thi"
1034507046350213121,"we tri and we can t azure need a subscript plan for send the incid is it necessari pay for"
1034508275511947264,"ani answer then"
1034509210137124864,"i suddenli am have ton of my cdn endpoint not be reachable and reset their connect usi"
1034510923891986432,"ye even differ networks devic example cdn url origin url"
1034532917710610432,"not much of a response yet"
1034535857041039360,"you d have to be stupid to use since they ll shut dow"
1034543661781053440,"if you are have issu with your vm you should create an sr case they will provide you with a number to"
1034543697436860417,"could you direct message us your sub id do"
1034543739908317185,"contact number for what do"
1034552348041871361,"azhelp i m use a three lay architecture that includ azure iot hub iot edge gateway and a do"
1034553811912675328,"sure take your time and please share the relev articl or tutori"
1034555003321688064,"aztechhelp i need help on chang my app service plan from medium to small and merg two web apps"
1034556341476454400,"i am able to create a transpar gateway and is able to send telemetri from downstream device to edg"
1034557753845403648,"straight from the azure marketplace"
1034558947829510144,"min old check it out in the marketplace"
