id_tweet,text_tweet,main_category
1037293366776672257,"ahahaha think mobi linux contain weird dn struggl get alpin apk ind isol vm hyper v weird one machin happen much would like walk might reinstal docker box",214
1037293528769093632,"texa play around heat get sooner later",49
1037294074687119361,"wonder realiz mission critic servic ever conduct audit took precaut distribut guess",214
1037294134833410049,"let us move beyond apolog tri make work work week loss understand support move second minut absolut motionless ãƒ„",214
1037295311222394880,"would walk resolv intern extern address",316
1037295694346964992,"weird seem semi work know wrong name server total sure got run mobylinux ps1 might walk bet come back sure someth virtual switch",316
1037296546935726080,"vsts releas host agent sluggish seem hang servic bu deploy time time",214
1037297417358585857,"etc resolv conf",317
1037298420279640065,"hi daniel assist thank",49
1037298501523320832,"delta nameserv total differ host think issu figur get ip nameserv",313
1037298616065576960,"vs code extens back need set new instal",26
1037298923893866496,"love proactiv support total differ issu",49
1037299574203920384,"track id ddp8 1sg issu solv yet still receiv intern error occur process network profil vm fail resiz virtual machin west europ",25
1037302805902417923,"happend sla",26
1037304120497991680,"know eta still vm fault state ms support team respons standard one publish statu happen sla",25
1037304722061967360,"one tell recov file back recoveri vault situat backup creat prem server use backup server tri recov differ environ use recoveri agent aztechhelp",313
1037306058719485952,"issu still fix eta",25
1037307007815049216,"back file use backup server tri recov file laptop problem identifi select dropdown pleas see screenshot",13
1037307438117122048,"possibl control access sql server storag tabl blob store applic gateway way let servic specif subscript gain access resourc thank advanc",26
1037307875260096512,"azcommun microsoft account perman suspend chang password help get resourc need pay host bill",313
1037309091281027072,"azhelp hey activ free account made applic credit zero recov progress made way download data",313
1037310207708356609,"thank fast repli alreadi check doc noth releat applic gateway assum possibl sql server sinc allow traffic within allow ok anyth similar storag",26
1037310917397106689,"would pleas address statu updat servic data center heavili affect made portal total unabl see certain resourc",25
1037312098295009280,"renew subscript download featur interrupt charg credit card",313
1037312576223420416,"guy could pleas track mani custom lost result would greatli appreci need find humor somehow",015
1037313381374599170,thank,01
1037313479462604800,"definit one worst outag quick search show outag affect avail hope get sort today come plan keep happen futur",214
1037313862003871744,"guy forc use",24
1037314232499490817,"thank help",01
1037315210489548800,"uhm eect answer like look guid eloit contain registri best x time faster perform public dockerhub",37
1037315832223817728,"aztechhelp send new imag custom vision ai servic lock upload still problem servic",25
1037316026579468288,"could pleas help understand could report issu app servic authent featur set googl auth want receiv refresh token request auth login googl access typefflin refresh token store",313
1037316912299089920,"comment eta return applic insight glad statu page final figur",26
1037317077307146241,"aztechhelp even repeatedli link subscript activ directori b2c subscript show b2c directori even tri creat new b2c directori link thing still luck",25
1037317901907161094,"vm still start sorri virtual machin unavail connect loss remot disk",25
1037319829332606976,"ongo incid seem unrel function app deploy west europ also access token token store guess underli servic storag work seem issu normal oper",24
1037320048317214720,"promis one smaller custom get free gr go forward assum microsoft help us small number product system per custom",012
1037321959988764672,"look forward discuss next podcast move cloud said resili said thank imag",015
1037322283105304576,"idea back onlin",25
1037322287454867457,"oh bet plan next episod record tomorrow next tuesday chang quit bit yesterday dumpsterfir",316
1037322969675177984,"current statu portal",24
1037324348208627712,,49
1037325569107537920,"azhelp curiou outag south central could impact hybrid connector us west",24
1037327199429382144,"still unabl effect use custom vision servic today unabl upload imag time",25
1037328924513054720,"holi crap still jesu man hope guy fix quickli imagin stress man poor peopl come keep keep go",25
1037330018542800899,"page back thank",01
1037330277960441858,"sorri add pile network us north central mess servic bu relay classic cloud servic access internet etc seem issu connect outsid world",25
1037331471810355200,"compens client offlin long promis onlin fulfil",24
1037331730833670144,"fan uaa unavail servic",015
1037332093385236482,"get crap togeth still issu log visual studio ide allow connect ms vsts cloud god reliabl guru redund backup whatev issu let us hope lesson learn",015
1037333643948113921,fix,49
1037334801978728451,"receiv thousand timeout sinc 08 2018",24
1037334982233128960,"frustrat end frustrat final db servic come onlin full applic access note compani hope good news test consist hour long",015
1037337986931806209,"applic server work start databas server mainten still occur",25
1037339016629288961,"mcp transcript page still unavail relat yesterday outag",25
1037339678213660674,"worri see guy busi central us someon manag resolv issu updat forum post thank help",01
1037339877237551105,"one vm boot also vm let us connect via rdp otherwis job dc authent user",25
1037339950625251330,"tri patient",24
1037340931148656640,"hope tall frosti one fix yesterday could good day",01
1037341747905548290,"servic realli damag",24
1037341925056172033,"still work delet project creat new one still lock upload",25
1037342749647937536,"pay lesson case good weird",316
1037344699017818113,"similar issu vm stop dealloc start order get come back onlin stuck start state",25
1037345490621194245,"inept job idiot would job",015
1037345824798171136,"thank updat event servic breach sla custom automat reimburs need initi process ie log ticket",015
1037346177677709313,"scale databas west europ s4 s6 alreadi run minut take long",24
1037346311870328832,"upgrad firewal accept tl amp somehow broke connect appinsight thought idea",25
1037351999921172480,"instanc back morn minut ago point went",25
1037352095190589440,"sure recoveri see servic north central us affect weird error ase gateway receiv respons microsoft web within specifi time period uneect internalservererror",25
1037353282019254273,"could outag texa affect appinsight",316
1037353553147383808,"exactli thing realli get mad transpar inform issu databas server vm still work data",211
1037354098192998400,"anyon liveblog gt 24h get loss one dc mitig sound like fun",211
1037354287498711040,"azhelp issu server box accept latest cumul updat sever other platform went ok tri standard step rebuild updat compon etc idea",25
1037354676482654208,"arepair vs machin problem believ project complain find dotnet core version prompt instal without quit vs usual say requir problem",316
1037355110014304256,"similar instal machin hunch might relat quit vs relat activ instal dotnet updat problem machin twice happen differ machin guess thank",24
1037355156080349184,"great support alway",01
1037356688377094144,"best way get support interfac confus idea",13
1037358099554873344,"next updat provid 00 utc sep event warrant happen alreadi",211
1037358145583034368,"know eng work problem lack concret action inform help make team look evas still authent arm gt h fix ye sev ticket open 118090518938695",015
1037359343140831233,"aztechhelp know busi w south central issu qn one south central app servic came tri deploy app servic get error access path would home site wwwroot app offlin htm deni",25
1037359611563700224,"yep frustrat",015
1037362143652458497,"servic restor hand databas complet inaccess gt hour anyth restor copi ert bueno critic ticket",25
1037362454727221248,"like said app servic current south central go tri hour presum thing still fulli function sure option apart tri new instanc want tho",316
1037362572641624064,"still web applic function integr ad authent creat web app new region year never seen larg failur look pull k annual cloud comput budget aws",015
1037363631095070720,"azhelp start morn still go vm canada central datacent connect problem sql servic well file locat datacent known issu would",25
1037363833420087298,"custom take busi elsewher",310
1037363993445376001,"load balanc support session persist base x forward header well scenario load balanc behind app gateway cc",313
1037364321771302913,"mitig fine penalti impos client",015
1037365569463484416,"frustrat money loss pay bill second hell day",015
1037365695154151424,"okay back onlin",49
1037366238752768000,,49
1037366324782161920,"still batchservic runbook yet eta servic",25
1037366979223592962,"imagin amount work microsoft team stabil whole data center kudo et al team dilig get servic amp run thank",01
1037367997684477952,"statu site also",25
1037368560069169152,"thank respons everyth work fine resourc locat south central us problem",01
1037369119887175680,"thank respons everyth work fine resourc locat south central us problem",01
1037373343735971841,"hello add agentpoolprofil ak platform need run x docker base unix one base window kubernet cluster thank",313
1037374160182370305,"cool thank",01
1037374222304247808,"cost pay servic",214
1037375981990883329,"sorri subscript almost resourc south central region work yesterday question pay servic",313
1037378058083229696,"insight stop collect data due quota limit sure increas quota resum collect tri usag estim cost gt daili limit help",313
1037378176471707648,"hello access databas app servic browser problem could publish chang app servic publish administr error solut problem error insuffici access site folder",25
1037378613274963970,"anyway publish appservic vs error credenti ftp connect kudu work",25
1037378767247822848,news,211
1037378972458397697,"thx ak ac sure differ creat cluster az ak creat seem az cli featur updat ak thu featur specifi agentpoolprofil creat",26
1037379188628627456,"way creat updat ak could point doc pleas trough portal updat agentpoolprofil thank",211
1037380162940284930,"see sporad connect issu servic north central go morn impact custom noth show statu page though go",211
1037381719320612870,"appreci probabl limit person provid realli good enough statu page materi chang hour",24
1037382547569819650,"post request multipl applic insight deploy east us region return bad gateway result data queri function log current known issu",25
1037384099399385088,"unsur went review log today far abl vacat bit yesterday realli know start",310
1037384649511784448,done,316
1037385682354929665,done,316
1037386964218077187,thank,01
1037386999118721026,"shock unabl make chang resourc anoth countri due arm us south central",25
1037387324370444288,"inde eect money refund epic disast",015
1037387723659784198,"aztechhelp delet rule waf delet listen tri ps luck seem like terribl bug tip",25
1037387820258783233,"hope get depth postmortem like vsts provid exampl",211
1037390068208599046,"ye portal interfac ps let delet listen error say listen referenc delet rule",25
1037390620518576128,"thank look like still problem southcentralregion timelin servic fulli restor",211
1037390628202708992,"cloud problem today see tenant well user vdi first complain sure exchangeonlin ticket yet office365 azuread",015
1037391535631998981,"doc upgrad kubernet version updat exist kubernet cluster sorri answer request",211
1037391714850365442,"utc updat see statu page issu",24
1037391719153762304,"need transpar regard region depend resourc supposedli west us yet still impact",211
1037393405461110785,"ye applic gateway",316
1037393473165512704,"may notic difficulti access dvsport yesterday continu today access dvsport platform still eerienc problem due microsoft cloud servic caus sever weather linger effect work",25
1037393886551785472,"problem central india server well databas inaccess last hour",25
1037394067406180353,"give us email provid inform",316
1037394750788251648,"o365 user outlook get pop say throttl",25
1037395251223134208,investig,316
1037395716736344064,"updat portal still arizona",25
1037395831396151302,"correct want updat exist ak cluster add ostyp window agentpoolprofil",313
1037395928838111232,"someth icymi",49
1037396351892574208,"anyon els continu applic insight issu east us statu page show show anyth get error retriev",25
1037396617698140160,"see nice time new roman messag authent office365 outlook user say throttl guess still issu",25
1037397626751262721,"get throttl also throttleg",25
1037397811401244672,"user get offic throttl messag fun day yesterday outag might time take phone hook bust classic",49
1037398268215537670,"offic specif issu get multipl app reli azuread authent",25
1037398273617813504,"go post updat everi hour least chang text correct time post",24
1037399481820569600,day,49
1037399507145654272,"applic insight west us retriev data data miss",25
1037401575873019905,"updat problem go resolv still get black cloud",25
1037401722119905280,"recent upload site static websit host storag boss io browser get frequent open link site android chrome work android ff mess work idea",25
1037403861928030208,"end user get messag throttl tri open outlook applic",25
1037404372924354566,"offici issu office365 health page exchang onlin",316
1037406164978475013,"start get error messag start outlook client ask password pop messag say throttl webmail still work mani other issu per googl search relat yesterday outag",25
1037406461666709506,"honestli feel bit mix like tweet",015
1037407904280784896,"sure bug vm fail start sever attempt state suffici capac request vm size way happen restart",25
1037409295720218625,"azhelp problem set vpn ipsec ubuntu vm use strongswan packag configur virtual network allow type conn",313
1037409637807677440,"tri resiz vm",317
1037409961767313408,"thank lot",01
1037410234485104641,"live feed ms datacentr time incid",49
1037410485308743682,"everyth went back us 30 cst site authent materi updat twitter statu page love",211
1037411603841466368,thank,01
1037412229363036160,"hi know busi quick question appinsight west us take catch stop yesterday utc show stop pm utc yesterday seem catch noth sinc",25
1037412377032097793,"thank found answer anoth channel",49
1037412411433570304,"kudo jose c detail elan issu intern public cloud team quickli arriv conclus even deal massiv region failur alway happi find simpl elan mind boggl issu",01
1037415011918827520,"hour work eerienc guy",015
1037415137236451329,"thank understand daniel work well",01
1037416473331949568,"aztechhelp web applicationg suddenli slow yesterday fine today terribl publish anyth",214
1037417273894612992,"get notif site go like last night issu",24
1037418284608618496,"aztechhelp app servic certif stuck pend issuanc click perform requir domain verif goe certif statu never load view",25
1037419000362397698,ye,316
1037419700181843969,"sure quota limit work insight someon help",313
1037420031590715392,"user keep complain outag keep elain big deal statu page show warn condit wonder actual error would look like though",25
1037420865120600064,"would say load balanc oper tcp udp layer though perform http health probe header http applic layer",316
1037424478219845634,"came back last night error",25
1037429055425933312,"ye awar issu tie us south central outag team post inform sorri provid better info",49
1037429100900540417,"ye awar issu tie us south central outag team post inform sorri provid better info",313
1037429728188276736,"aztechhelp network secur log via network watcher look allow drop packet",313
1037432203192528896,"smarter way logic app multipl twitter account want tweet specif account one http request accountnam tweet logic app",313
1037434309773279232,"happi complet run",012
1037436097033265152,"incred frustrat",015
1037436186023919616,"statu page keep refer peopl worthless list applic insight good sinc ct still abl execut queri",015
1037436255376756736,"thank answer look good",01
1037436960405680129,"thank know page",01
1037438383495229440,"azhelp charg credit card msft match subscript",313
1037438694268039168,"servic came back late last night past hour half latest updat say continu see improv see opposit happen",211
1037439050930696192,"anyon els problem ftp app servic reset publish profil new password work either",25
1037440929731407876,"build definit vsts run month perform ftp deploy step part ci cd pipelin work sinc outag even reset publish profil updat build def new password",25
1037443104343777280,done,316
1037443110182285329,"app still beyond frustrat come back work like pleas eect nightmar",015
1037444883265581065,"ye us coupl app",316
1037446157402820613,"look like thing respond come git thought",25
1037448557580771329,"servic issu dashboard still list three storag resourc impact time frame yet restor",211
1037448830025953280,"issu web app host app servic write local file system quota blade list kb space consum part storag recoveri",25
1037449094464122883,"azhelp assist login enterpris admin howev display account invalid support portal render pleas advis fix",25
1037449888286564357,"sent thank talk ya soon",01
1037450951076982785,"app insight team post updat",316
1037451610643984385,"hello access databas app servic browser problem could publish chang app servic publish administr error solut problem error insuffici access site folder",25
1037452599719546886,"clue guy throw anyth git relat pull request",316
1037453446490804233,tag,316
1037454341886619648,"also problem publish app servic vs come error messag access deni directori could relat issu",25
1037455163513098240,"problem publish app show error acc deni path last week publish work properli could relat yesterday event",25
1037456035374661632,"would pleas provid detail inform client kill us help",211
1037456592269139970,"send account name name team project name repositori troubl dm open",49
1037457345402609664,"work subscript",49
1037457895204552704,"heard anyth receiv dm",316
1037458630730235904,"hey creat subscript provis vm databas tri provis ask start free trial subscript tell creat one sign pay go ask free trial",316
1037459123544182785,"thank share add ridicul last day app insight team would share updat main statu page claim well",015
1037459263180832768,thank,01
1037460579525566464,"warn afraid ask error mean",25
1037462353204400129,"aztechhelp app servic web portal work fine year get failur connect vm run sql eress",25
1037463741372289024,"access deni",25
1037464062601424896,"still issu ad outag",211
1037465935454466049,"keep go guy",012
1037469373202554881,"look like data behind hour slowli catch",214
1037470486899261440,"azhelp keep get error fetch tenant messag frequent timeout portal find much document reason",25
1037471250392723456,"vm host scu unrespons sinc came back onlin vm fine one ping connect disk io roof 4tb sinc yesterday relat scu outag",25
1037472309702000640,"creat first account tri provis virtual server keep pop creat free account page",25
1037473912446173190,"aztechhelp get missingsubscriptionregistr microsoft web creat web app solv",25
1037474429461295106,okay,316
1037475621897744384,"client middlewar servic sql server blend bi tool middlewar captur packet rdbm bi tool e g pars packet sql user name way daa e g messag bu subscrib",313
1037476458103328768,"subscrib rss feed updat get updat late issu",211
1037477329885323264,"abl via code view multipl connect use eress languag refer one want host connect name properti action",26
1037477427860131841,"aztechhelp regist microsoft containerregistri servic subscript request time diagnost inform timestamp 20180905t230215z subscript id track id b6fd2d5d d6e2 435f b17e 74dfdac55ee4 code servertimeout",25
1037478673853513728,"via slack nativ integr remov ad joy",25
1037478890468507654,"sure realiz much hurt growth gcp aws happi danc poor engin lost guy billion",37
1037480032778825728,"hi get error kubernet disk attach pod tri long time minut get time use standar blob storag v1",25
1037483857480769536,"severevoltag overag spike",49
1037488056264286209,"guy stop send updat even though stuff great servic",015
1037493969926672384,"statu updat color sky world",211
1037495796848058368,"instanc east west test look like west work east",25
1037501153641213953,"azhelptil problem webapp due southcentr outag unabl creat file even consol user permiss even though global admin",25
1037502852711636993,"hey one result outag day half",25
1037503510189879298,"need redeploy day reason get ftp web deploy via visual studio",25
1037503974419587072,"yep day half well hope downtim sla refund calcul run differ geo",316
1037506050251927552,"still see weird releas abl releas earlier afternoon got team foundat servic current unavail",25
1037506261909233664,"cloud need cool cool alreadi",49
1037506303747387392,"reason releas tab event load",25
1037508475801292802,"enter main page compani vsts load enter specif project page event load",25
1037508830609985536,"open develop consol show follow",316
1037509409604296704,"show click releas tab",316
1037509646578274304,also,316
1037512142335799296,"e g connect output compos connectionid would use valu compos action determin connect use",317
1037512560403247104,"shame microsoft",015
1037512745334263809,"visual studio team servic page go releas manag tab home page load",25
1037514232676450306,"test final work howev look like data outag ingest well",211
1037518338656817153,"get actual updat press releas big deal guy",211
1037518867772391424,"look like lost vsts releas blade toughweek",25
1037519104150831104,"glad one hope fix tomorrow morn",316
1037522792856645633,"issu sinc earli tuesday morn gotten error deploy south central us web app home forgot exact word say write file server search came back around midday realli need deploy",25
1037524548218970112,"josh ask dm subscript id went dark cross finger",49
1037525192262799360,"vsts build stuck wait run job finish none navig releas stuck infinit load icon need build releas work worst kind way right",25
1037526801189400578,"statu page big green check mark vsts clearli correct",13
1037527962004979719,"outag file system read yesterday outag luckili never went could deploy",316
1037531154272796672,"statu say servic australia fulli recov howev servic fabric still gateway issu work",25
1037534030512586752,"hey freder window contain yet support ak come soon though",25
1037535477748981761,"must part minor someon go commun portal",49
1037537065481777152,"absolut eerienc ignor two week ak broken multipl other",015
1037539222167552000,"run web app app problem upload limit upload 20 pictur get error chang without web config file",25
1037540368395292672,thank,01
1037540527510573058,"aztechhelp domain work possibl access ftp chang plan locat",25
1037540777075908608,"thank updat",01
1037541906727624704,"sorri brian unfortun releas manag servic eerienc problem team work",316
1037543590757588994,"hat engin team hard work get servic restor south central data center done best keep us updat keep good work",01
1037548552753491968,"head previous recov tabl storag account soutch central us fall back degrad state 30 cst cloud azureoutag",25
1037548632193392642,"build releas work thank help",01
1037576502001328128,"aztechhelp deploy sql server standard edit vm could get report servic work",25
1037582005884600321,"still see servic avail error connect even fail region outsid south central mainli aws lambda function",25
1037595960984125440,"vm linux connect rdp sinc yesterday work solv",25
1037597311797407745,"darren could pleas connect us askcosmosdb com pleas send subscript would databas account id thank",49
1037597887532814337,"sorri hear investig still eerienc issu thank",316
1037597952230010880,"azcommun one app averag respons time increas sec sec applic respons slow pleas help troubleshoot fix issu",214
1037598323589492736,"tri creat free account portal everytim finish process till payment end say tri atleast around time azcommun",25
1037600282518192128,"hey gabe thank inform mean time altern applic unix window base contain",313
1037601047030784000,"point well elain current x appgw gt x lb gt x sf node want sticki one sf node 1",316
1037601117016875008,"appgw cooki base affin get sticki singleton lb e achiev want 2",316
1037601219253100544,"lb session persist get sticki sf node base appgw ip address less alway thu request end sf node e sticki use singl sf node 3",316
1037601689912713216,"seem solut would get rid lb add sf node backend pool appgw directli e g x appgw gt x sf node 4",317
1037602087012585477,"nice know code view check thank",01
1037602123528249344,"setup could use cooki base affin achiev even distribut also sticki sf node someth would lose lb inbetween anymor autosc sf node mayb done",313
1037603482616901632,"current eerienc realli slow updat portal offic netherland known issu",214
1037603642055053312,"hi aztechhelp sever cross platform app sever notif hub one app receiv push notif sinc day idea",25
1037606722058240000,"look like edg faster chrome work thank",01
1037607621732315139,"last time check app gw support scale backend pool might chang awar easi tri though need sticki websocket ye check new manag signalr servic might solv problem",26
1037608637332635649,"also might want use nodetyp sticki stuff put direct behind app gw case still support backend pool scale least limit problem one nodetyp",317
1037609830255652864,"thank pointer consid well",01
1037609972283174912,"could also check make sens use state servic sticki via partit key depend need sticki",317
1037610132962652160,"proud releas start project favorit technolog",49
1037611286559899648,"signalr exactli know manag servic thank stuff read list",316
1037611329018884096,"face issu day resolv",015
1037612556981022720,"creat password problem curiou limit charact want use e decent password least charact allow",26
1037613873032032257,"azhelp connect vm upgrad e16 v3 even connect serial consol help",25
1037616168247291904,"fail redeploy well linux base vm northeu serial consol get stuck kernel offset x22400000 xffffffff81000000 reloc rang xffffffff80000000 0xffffffffbfffffff",25
1037617692218454016,"ok thx done",316
1037617706101395457,"ideal ye updat issu even redeploy say intern error occur technic support plan place",25
1037618727980867584,"azhelp hi adopt germancloiud abl creat function consumpt plan avail ui api request get empti list tri fetch az functionapp list consumpt locat",13
1037623561836482560,"west europ",316
1037623694720475136,"eerienc portal issu franc mani blade load indefinit fail receiv request throttl request server throttl notif",25
1037628667726389248,"problem west europ current tri provis new vm keep get request get throttl",25
1037630978506801152,"wy wait minut chang singl set portal eerienc load issu",24
1037631861797867520,"nope safari",316
1037631952906596353,"tri chrome chang",316
1037632392989761536,"chrome seem faster",37
1037633334996869120,"aztechhelp datagateway sharepoint work select local site abl choos gateway pleas assist seem like sharepoint action",25
1037633985948667904,"given use web app docker contain could get ssh work properli cento imag systemd run ssh servic start entrypoint local ssh stabl work",26
1037634044224262144,hello,316
1037634351943610368,"hello subscript id af629705 e899 4ffa a6e9 d94e7ba854c9 problem appliat gateway configur properli show http error code tri use applic gateway dn issu",25
1037635240578220032,dm,49
1037635849586978816,"ye use far could manag ee port set password test local docker run stabl could connect twice ssh tri new app like time restart etc",25
1037635985344028672,far,316
1037636979956084737,"appreci mayb time use cento minim imag tri provis use ansibl fail happi give anoth tri time",37
1037637252455776257,"saw repli",316
1037637551882944513,"base london still unabl deploy websit visual studio need urgent help would appreci could contact us advis",25
1037642506228391936,"hello team abl open vm ii uninstal region central us vm name azureamitvm resourcegroup hcltonazur problem brows web applic ii give ii corrupt",26
1037644567187578880,"ye unfortun function germani nation cloud current avail app servic plan kindli refer known limit section",316
1037649855714406400,"friend look question thank",316
1037652136207806464,"west eu servic bu topic stop work 30am cest time",25
1037652554237325312,"thank much knew would help",01
1037652599128899584,"us even owa work",25
1037657272124620801,"go make kind money reimburs fall harm websit",015
1037660795818176512,"hi one domain offlin",25
1037660805561495552,"servic go take much time come us",211
1037661694208684032,"vm latenc amp iop affect",316
1037663879831187456,"hello chanc app servic certif interfac get certif issu minut sinc set everyth valid left night result",211
1037664288930967552,"aztechhelp eand size storageaccount via arm see ps script eand vm storag interweb",313
1037666257452052480,"hey came across articl alreadi elain eand vm disk need eand storageaccount fileshar",317
1037668129378316288,"appservic cert region global rg deploy north central us",316
1037668865067700230,"thank articl look one thing scan seem find section eand size fileshar done",26
1037669003257364480,"last night sever peopl complain could deploy web app scentralu due error insuffici access site folder still eerienc today idea",25
1037670434081255424,"far read articl thank support",01
1037672949686460416,"azhelp need help school sign imagin abl activ school servic corpor email administr would email put verif would verif code",313
1037673089558036482,"solv search scentralu back redeploy site even tri creat brand new web app tri morn said deploy progress minut",25
1037673686059442176,"rais servic ticket show resourc health detect issu resourc vm show elor show black screen",13
1037680869052502016,"look like took data accumul outag show thing seem okay",316
1037683678309175297,"chang credit card due fraud unabl updat payment method page sit blue load bar go back forth edit add new method pleas advis",25
1037683716125061120,"aztechhelp possibl replic vmware virtual machin vcenter instal local environ one esxi server host vm",26
1037684477034745856,"aztechhelp look like south central data center issu resolv still get access path would home site wwwroot app offlin htm deni deploy suppos pleas provid pointer 2",25
1037685707760914432,"issu still persist get intern server error tri restart site still error",25
1037685862232977408,"yeah edg work tell satya pretti weak",316
1037687183065403394,"come microsoft server return crash unaccept",015
1037687738965929984,"clear cooki bingo thank",01
1037688445278343168,"pl elain dm get",49
1037694163788152833,"look statu page see follow south central us servic avail backup machin learn storag virtual machin elain updat file via ftp day later eect recoveri timefram exactli",25
1037700805065887746,"aztechhelp realli frustrat servic work correctli even support",015
1037700834765746176,"reason move due smaller vp provid outag last two day end sight iron one largest tech compani planet provid similar outcom",015
1037702343473721344,"sure pleas realli need updat instanc earlier use use stop azurermwebapp amp start azurermwebapp stop start app pool work either get stop azurermwebapp run login azurermaccount login earlier 2",25
1037702455470030848,"elor login prior use command 2",317
1037705378765725697,"hi autom job que someth broken side",25
1037705675755978754,done,316
1037708813200023552,"azhelp hello support websit work fine seem upload imag click project timelin thank",211
1037709205657006086,"aztechhelp blob websit preview bought domain instruct creat cname connect two clear miss",313
1037710239909470208,"peopl face problem west europ region scale work properli enough resourc avaial adfv2 run connect problem restor databas take age help",214
1037711149242843137,"follow instruct repli gt post thx timelin info would appreci",313
1037711434296250369,"help clic disast recoveri vm disabl button anyth",25
1037714415750139904,"sent sub id region south central us",316
1037715634468147200,"configur preview section applic insight seem load tri chrome ie use multipl account resourc",25
1037716356051951616,"last hour fail sign pay go hang step payment inform go fix turn",25
1037716516156788736,"azcommun upload imag check upload imag go",25
1037716872450531328,"hi thank repli inform link provid solv problem problem clear use schema properti insid respons section swagger api spec valid sync responseschema invalid properti sync ok",317
1037717066105597953,"ye well know anywher near resolv",316
1037717119666769921,"speak japanes",49
1037717316446826496,"tell email address",49
1037717592851603461,"thank much tri tomorrow wast much time alreadi today yesterday",01
1037717697746821120,"subscript id",313
1037718182646042626,"alright pleas wait moment",316
1037718746981384195,"aztechhelp chang account migrat servic new account without delet stop recreat new account",313
1037718986010570752,,316
1037720113628073985,"mean get support page",26
1037720558509731840,"possibl claim map aad b2c custom polici work sub idp claim custom claim displaynam firstnam lastnam long time tri figur",26
1037720795403829249,mean,49
1037721368521920512,"right wait minut",316
1037721972564619265,"access portal",49
1037722249548185601,"backup report om solut use invalid name backupitemfriendlynam caus queri fail",26
1037722471598718977,"access portal pc",49
1037723286036086784,"addit upload imag complet one week ago recent becom imposs suddenli",25
1037723430781476864,"display upload imag also display suddenli",13
1037724094366502912,"wonder problem due fact could sign quickli day ago anyth anyth",214
1037724184716210176,go,49
1037724272222003200,"quick question rout base vpn allow sha 1 sha 2",26
1037724299929346049,"portal open pc support ticket",313
1037725377530085381,"connect via ftp app servic contract ftp servic still statu page say app servic ok",25
1037725509386260485,"although display project display upload imag upload imag upload imag display gray progress bar move even tri upload imag",13
1037725652441419777,"anyway would tell engin problem troubl use",25
1037726530158448640,"hello support happen g suit automat provis pleas error googleappsinvalidcredenti regard",25
1037727137166323713,"new matter request",49
1037727500506263552,"specifi subscript id",313
1037728284878880770,"open portal know dm excus pleas let know",49
1037728518367584256,"yep well two day later wonder equip grace power san antonio data center could take two day power back sure ugli scene behind curtain",316
1037728961751527424,"search part",316
1037729410592514049,"sure send dm thank",49
1037729788595658753,,49
1037731462118813697,dm,49
1037733477506998278,"know one time free technic support",313
1037734172008181760,"know one time free technic support",313
1037735382216056832,"ok far patient thing happen backup servic work right product data back restor event failur bill better 0 month",015
1037735502177132546,"possibl thank much found still way applic although would like thank elan someth imag know japan clock middl night anymor give pleas imag sleep",26
1037736189888000000,"aztechhelp backup grey vm",13
1037736207332061184,"azhelp 2 month use free trial charg free trial find way get person support",313
1037738850582450178,thank,01
1037740269062549504,"think work thank much repli tweet",01
1037740745376129024,"custom vision servic still work today go day unabl upload imag new cv model statu dashboard indic cv back south central us cv servic still fulli oper eta resolv",25
1037741263947227136,"aztechhelp longer access linux vm countrysuppli vm whether port ssh see issu reboot fix problem noth chang configur wise",25
1037742117844606976,"dm sent thank",49
1037743160947027968,"thought would happen get told leav messag whether call talk suppos live chat one ever avail talk right away",24
1037744233258606592,"said respons leav email call told leav messag live chat never live call never answer live person",24
1037745143498059776,"well least cancel account easi find done best luck",015
1037745233860034560,"instal iotedg runtim hum board armv7 processor ut show error fail start iot edg daemon runtim compat armv7 processor",25
1037746861350813696,"see databas hit cpulog limit also averag consumpt reach happen data load fail last night",25
1037747003357384704,"aztechhelp account storag account classic set server friend mine account set recoveri servic vault get bill 20 per month get bill 106 per month chang",24
1037747278717624320,"app servic plan use gr lr absolut recent motiv question",313
1037748170971930624,"ssi packag fail 30 central us middl load prem server say login time queri load run logrategovern waittyp highest wait type timeout report side",25
1037749107228585986,"messag sent thank much",01
1037749276829466625,"thx dashboard see much storag use",313
1037749989336801280,"tri mention tutori also gone git issu mention pleas note armv7 processor arm32v7 make differ",313
1037750085285752838,"tough outag proud work directli restor servic merchant",01
1037750247370436608,"degrad perform sql restor pitr east wait hour sql restor job gig db",214
1037751221480767488,"sorri dumb individu metric want see much storag use",313
1037755631950655488,"aztechhelp point right direct find way creat window vm connect current server ad domain connect server ad",313
1037756257329995776,"eerienc slow api respons time frankfurt germani updat virtual network set take age even abort statu fail statu updat provid",214
1037757428287393793,"aztechhelp hello ssl work put stop work day servic fell fix put work without problem",25
1037758646871056386,"tough day storag servic like blob queue sever impact due azureoutag let work",24
1037762333416808448,"thank need fix soon possibl",316
1037764405197385728,"suggest azuread sign report would help document deciph list applic corrobor seem similar e microsoft offic portal vs",211
1037766506355011584,"think know answer still need permiss pen test site",317
1037769797805793281,"aztechhelp site work fine ssl enabl enabl ssl load",25
1037770161946849285,"updat servic issu page last thing next updat next updat provid 00 utc sep event warrant want screen shot",13
1037773098681085952,"deploy multipl web job web app continu integr pipelin use ftp upload option task tf releas definit way around want deploy stage slot actual",313
1037774251254865920,"pretti sure answer use form fill",211
1037774486622416896,"work look like take someth trigger push array",25
1037775421058830337,"portal resourc manag pain slow time tri manag resourc southwest us region want creat support ticket guy take screenshot take",214
1037777732170641408,"good question await respons",214
1037778778338951168,"azhelp need help resolv issu configur server unabl connect site recoveri servic errro alreadi check requir servic run config server",25
1037779774528081920,well,316
1037784842497224704,"azhelp day ago connect ftp part outag problem fix reset publish profil help login inform correct still receiv error",25
1037786591681568768,"perfect mani thank",01
1037787640659988480,"hello support possibl extend palo alto vpn onto cloud way user connect region use palo alto vpn capabl featur",26
1037789582631297030,"miss option switch directori last use directori one need get tri multipl browser complet miss aztechhelp",313
1037790988293562368,"sure thank",01
1037793235513630722,"correct look recent still allow perform do test though",24
1037796035819536384,find,313
1037797234899869700,"aztechhelp problem connect sql db vm join domain use activ directori integr author get error code xcaa9001f",25
1037807565848158215,"look like app servic restart caus send statu email web job tri anoth deploy went guess ignor thank",01
1037808132926451712,"link post",316
1037809498771996672,"courtesi head microsoft continu address weather caus servic issu intermitt affect user microsoft statu updat resourc provid",49
1037810933064720390,"question bill see weird thing share tier app servic plan 8 p app servic link bill euro per month",313
1037813600587599874,"everyon leav",015
1037815775913013248,"thank guy appreci pleas tell problem tri get familiar host server",211
1037817794748981248,"url provid bad link pleas resend url forum may post",211
1037818165579927553,"oh good team tri apim servic question arrang call",313
1037818310132424704,"unabl get result audit log use search unifiedauditlog commandlet reli log know suspici login azuread eta back",313
1037818682980880384,"still usabl url provid full url",25
1037819135273709576,"great wish kind respons earlier",01
1037822839485648896,"tri without second front trigger bodi",317
1037823442920206337,"jeez think mean bear sure",316
1037823570968236032,bear,49
1037824010506182656,"thank reach thread similar scenario might help sort keep us post",317
1037826468183724032,"everyth back normal",49
1037828973454082049,"team sleep life stressfre wat",01
1037829554042109952,"keep go guy keep motor run",01
1037830881308762112,"portal go super slow day everyth take age load normal super slick",214
1037831663479390210,"good bot still work site consist",24
1037833048287526912,"claim automat",26
1037834760914194432,"tri forc refresh blown whole browser histori last hr boom back",214
1037836281001205760,"look self pace lab look like problem eta move new platform complet",211
1037837521454080001,"resourc return back normal hour time disrupt start notic subsequ disrupt",01
1037838592138268672,"thank realli help",01
1037842183976611845,"way awar size problem info dashboard time otherwis would add pressur twitter",211
1037843353067552769,"work fine last coupl hour tenant europ",316
1037846915432566784,"everyth look good thank assist",01
1037848829494743041,"hi possibl use custom vision work well saturday morn someth chang region server creat new project differ region",313
1037850320074760192,"tri g phone telstra bigpond",25
1037855600770572288,"ash cpd1 plg node web app impact right mine respond",25
1037857575285542913,"love respond day later better never late",24
1037859505244131329,"still due outag know global admin domain",211
1037862103569199104,"realli yellow screen death product",13
1037862399963947008,"bare bear us",49
1037863872353300480,done,49
1037863884466532352,"errrr guy happen asia pacif region work yellow screen death",25
1037865303999438848,"think notif sent check folk run cmt",316
1037865747060600832,"everyth ok issu fix yesterday around est",01
1037867797546713089,ok,316
1037869800402219008,"heard back post yet cope problem progress",24
1037870724957069312,"best way get notif move team affect late o365",211
1037872183362695168,"okay go bed",49
1037873755123531777,"data privaci servic ha ha region paa saa ha region last time ha test done product test result",313
1037877391995981824,thank,01
1037877433976799232,"got link bill alert email contain link go url manual safari redirect page load click link mail redirect ysod",25
1037878483001651200,"seem work even click link idea happen",316
1037878628527288320,"sydney australia east",49
1037880572914401280,"tri connect portal use phone",25
1037881971744157696,"sure bueno air argentina test connect portal use phone",25
1037882757328789504,"still see error",25
1037883378761191424,"alreadi bare sinc day",24
1037885236401594368,"autom place shutdown vm daili pm far id say got shutdown amp rest still run portal tell request throttl idea",25
1037885807892332545,"azhelp need help migrat resourc graduat bizspark subscript new pay go subscript let move vm two subscript",313
1037888085537816576,"dm sent",49
1037891853281120256,"hahahahaha smell like bot",49
1037894443502895104,"gucci thank follow",01
1037895314395418624,"seem intermitt page stabilis minut thank guy",01
1037895923542573058,"morn servic seem normal could access releas pipelin servic fabric elor seem ok",01
1037896284701634566,"hour issu",316
1037897374599929856,"nope issu",316
1037899617579528192,"clear cach work fine thank help",01
1037903420030472197,"aztechhelp fcm token contain charact handl notif hub servic return bad request help appreci",25
1037903934013075456,"thread old task mention deploy outdat vsts abl find particular task deploy multipl web job web app could pleas provid insight",25
1037905425751056384,"thank servic right problem window",01
1037912985799249920,"hi thank quick respons confirm use step provid document look fcm token contain return bad request",25
1037913715918557184,"um get block",25
1037914679958548480,bear,49
1037916465670672384,"aztechhelp unabl new applic registr get access deni messag",25
1037919111609610240,"brand new account",49
1037919923211649024,"mandatori match first last name credit card name combin would work got piss",24
1037922908268425216,"ah probabl thank tri",01
1037923428097900544,"fix issu eect fix earli next week",49
1037925749326577665,"thx look ok still random timeout apperantli featur",015
1037925888715902976,"far see resourc complet healthi thank much notic anyth odd sure get touch",01
1037926565122908160,,49
1037927246193819648,"aztechhelp help unabl access vm via rdp reboot resiz reloc luck",25
1037928371605229568,"hi use twitter sure messag public privat australia south east region region access server pc problem one",25
1037928770055823360,"tri mac use microsoft rdp app get error code x204 other tri use wiondow machin work either",25
1037934568907595776,"tri creat virtual machin get go forward",25
1037939308450144256,"happen deploy solut workspac wait data ingest workaround configur senddiagnost data wait hour deploy solut",317
1037940592557416448,"thank everyth fine team perfectli train az run problem open support case portal fantast rest day greet germani",01
1037945403134668800,"everyth seem ok today thank head eager read complet postmortem",01
1037956952146370560,"follow better grasp digit integr wisdom extern intern photo text interlapp wider coverag keep updat",316
1037962602503176193,"uh pleas move chees portal yesterday switch directori via account dropdown today move somewher els think someon revok access right find new icon hidden beneath",13
1037966568137924608,"aztechhelp would like move vm new subscript fail old one disabl therefor read anyway move nevertheless",313
1037972279357988864,"want access statu eand microsoft graph match statu cosomosdb",317
1037974439911206913,"loooooooong time total recoveri",24
1037975028149579777,"becom composit chart",316
1037976034879172608,"everyth look like back normal hope ad xamarin support via vs instal start work next day",01
1037981470596325377,"partial sort issu turn registrationexistsasync method actual use fcm token use registrationid sure deriv though",317
1037981885224255488,"would like use python program compil stan file",26
1037985618322776064,"guy next time move chang subscript button pleas let know thank ux fail stilllovey",13
1037987253296013313,"aztechhelp guy issu tuesday south center us event connect via ftp neither deploy publish say home folder server innaces",25
1037987756134125568,"possibl gener new key key vault use deploy templat creat secret see document key also show either",26
1037988761022263297,"thank time",01
1037993357866414080,"aztechhelp error code x80070013 gt media write protect publish site",25
1037995349468700673,"link inquiri pleas attend",49
1037998568894869506,"troubl upload classic cloud servic west europ region problem error deploy found http statu code notfound",25
1037998716714668032,"use invalid secur certif redirect",25
1038000114407796736,"idea full elan provid found",211
1038002308922179584,"odd would deploy solut sooner later affect attribut log",313
1038003530567692289,"realli struggl portal week perform slow unwork across multipl subscript uk advic",214
1038003811900698625,"seem access anyth use b2c servic",25
1038005316582092800,"tri log websit use b2c part login process none develop connect environ swuk europ work morn suddenli hit issu",25
1038005793088581633,"move still look",26
1038006399056338944,"azhelp virtual machin oracl db weblog",313
1038007920666071040,"philip thank thank thank",01
1038008036701483010,"ref ticket id would like urgent respons pleas pleas contact gemma clark com",313
1038008415740678144,welcom,01
1038010648272224257,"respons intermitt sometim good sometim slow",214
1038011909625327616,"noth actual manag login process hang long time easili minut",214
1038012026382110720,"hello still login ftp app servic still issu ash cpd1 plg",211
1038014798074732545,"aztechhelp hi virtual network eress rout privat peer find way configur ipv6 address along exist ipv4 accomplish regard g j v lee",313
1038016672186212352,"sure mean login portal ok use ftp deploy credenti app servic",25
1038018837562773504,"good thank",01
1038020448674635776,"webapp unabl write dir get permiss deni error consol access ftp login allow app run steadili year week possibl relat current issu",25
1038020695761006593,"aztechhelp want date copi github repo node start run batch job task recommend way thank",313
1038022177034067968,"today everyth seem ok done work establish eventu consist part system thank",01
1038025616841424897,"aztechhelp face mani problem servic sinc two day ago ok",211
1038026068672663552,"csp support ak link refer would appreci ak",26
1038026413255798784,"tri publish offer marketplac receiv error shown imag pleas help resolv issu",25
1038026573331476480,"mani problem sinc three day ago ok statu web show ok login web app throw ftp web",25
1038027742028210176,"azhelp tri delet resourc stick statu delet long time 10 20 minut could forcibl remov resourc",214
1038027875977490432,"subnet deleg",313
1038028766998618112,"affect attribut log solut eect data could find queri throw error",25
1038028808899710976,"easi way see crucial inform overlay button someth eand messag great backend health applic gateway",13
1038029196096880640,"thank help intent deploy la gtlution gt vault gtint vault la one templat concern data hour need work without reconfig hour",313
1038029839532482561,"use web ui tab backend health open applic gateway issu ui give easi way see full error detail could help get rid error",13
1038031240824270849,"seem updat vnet portal tri chang udr attach vnet never end",25
1038031424140521473,"aztechhelp result sku creat sql databas stack tip",313
1038033810137522177,"still sku avail regist rp subscript well",316
1038034444538576897,"aztechhelp imposs creat new rule applic gateway today pick host name backend address tick http set set appear rule tick creat rule fail say need untick",25
1038034628874063873,"tri firefox edg basic write wait never end",214
1038035249752625152,"still sku regist sqladapt rp subscript well",316
1038035386767958016,azurestack,49
1038035425514987521,"edg privat mode firefox tri let check",49
1038035487892692992,"piti wide advertis applic non profit instead hidden faq budget realloc renew sure chariti consult would think mani prefer",211
1038036871123755009,"sshd insid contain rare ever occurr systemd contain also almost alway better way solv problem",317
1038039208013778944,"nope work notif notif bar still wait",25
1038040585209360384,ye,49
1038042191204102144,"appear respond perform correctli look good thank",01
1038042920316755968,"aztechhelp someon pleas assist abl access vm countrysuppli vm via ssh way mani command portal work either reboot redeploy still access whatsoev help",313
1038043125489520640,"servic show still web app unabl connect sftp restart servic resolv",25
1038044373974429696,nw,313
1038045730202693633,"kudo team pl note msdeploy ftp app servic go differ error msg oper variou time thank",25
1038046304713297922,,49
1038047923471302656,"reset publish profil result msdeploy return error occur request process remot server begin outag someth along access deni ftp return critic error could connect server",25
1038048071568031745,"suddenli get error apim portal issu awar fail connect manag endpoint servic deploy virtual network",25
1038048150412517377,"55 pm utc",49
1038049348297338885,"ye browser go portal get error consum api apim backend run",25
1038050596790652929,"hmm work api request access portal defin someth odd go end consum could access api min ago make queri",24
1038050885769805826,"seem fine chrome fail creat firefox differ machin blog post new option",25
1038052775928778752,"would like audit new prototyp sens amp respond vsts saniti checker solut solut compris db api appservic webjob servicebu ui vsts extens code vsts ci cd environ except webjob still manual deploy need replic",13
1038052885781733377,"azhelp could use public static ip object ase",26
1038053040803196928,"need replic environ q p mean shitload setup autom arm templat",26
1038053510565306368,"havnt finish secur everyth co plete solut cloud though softwarea servic mayb would help demo system",317
1038053753692270592,"azhelp case ms awar sub still issu site recoveri prem vm heartbeat show connect unabl regist new vm host site recoveri sinc outag cpd1 plg",25
1038054760635686914,"ok suppos know random new tick box elan site noth written onlin one fundament chang creat ag rule",13
1038056003273678848,"need redeploy",49
1038057314220171264,"sinc outag longer ftp us site anyon els see issu",25
1038057824264368128,dm,49
1038058694037184513,"link work",25
1038059294451744769,"thank think along solv use cento linux vm provis ansibl run command insid contain would without ssh",317
1038059896552542209,"hello pleas check thread issu 3 still offici answer",24
1038060080602726400,"hi someon call code",49
1038061509115633664,"hi colleagu know possibl setup ak behind corpor proxi",26
1038061706864410624,"glad want help call sale support advis nobodi pick phone offic hour third day tri get help regist payment detail pay go get help",24
1038062390934491137,"one vm still unrespons high number disk read oper tri restart redeploy resourc return normal",25
1038063053265399808,"lol allow post question hr timefram",25
1038064886163668992,"south central us",49
1038064898545250305,"ye mean polici allow peopl low reput rate post question frequent also tend use case",24
1038065870994583552,"issu still open solut problem workaround",26
1038065907510272000,"last 1",49
1038067825032810496,"complet fine chrome get issu tri edit exist ag rule http set choosabl one new option set switch one throw error hostnam field may specifi pickhostnamefrombackendaddress set fals",25
1038067982684119040,"need help restor sql databas got delet accident",313
1038068077991211009,,49
1038069245664526338,"colleagu chang cipher chacha20 poly1305 com aes256 gcm com aes128 gcm com aes256 ctr aes192 ctr aes128 ctr mac hmac sha2 512 etm com hmac sha2 256 etm com umac 128 etm com hybridcloud",211
1038070590563909632,"nw sorri get",313
1038070746881449984,"contain runtim applic platform exec command mani rsh command enter contain context execut command",317
1038071909299179520,"look like mpn subscript restrict chang go get polici updat cours offer region page updat",25
1038072054715703296,"basic rule work chrome firefox path base rule work firefox chrome",25
1038072585743949824,"ok would equival docker exec web app",313
1038073131292872704,thank,01
1038073589533212672,"still abl ftp web app south central us region statu page say everyth good awar ongo issu",25
1038074015758409728,"previous condit access rule setup sinc drop ad premium remov still effect way get remov",313
1038077208886173696,"ase clear manag public static ip",211
1038078549410963456,"email statu south central mitig still ftp webapp sinc outag",25
1038080640581873664,"apim support multi region deploy howev replic gateway across region disast primari region appli configur chang possibl sinc config chang requir dr better new deploy",317
1038085069657788417,"fact nva firewal want web app traffic pass ase come public ip traffic go internet directli backdoor would pass nva unless public ip attach nva lb",26
1038087104977428481,"hey want abl deploy two region dr behind traffic manag abl updat back end url one api case main region fail need trigger dr",26
1038087354009956352,"aztechhelp ftp write access app servic still",25
1038088134464962561,"pleas send us detail askcosmosdb com thank",01
1038090252982702085,"benefit advantag use avail set singl vm know help deploy two vm avail set",313
1038097207826829318,thank,01
1038097222456377344,"know avail set config need know benifit advantag singl vm deploy scenario",313
1038101807627743233,"sure insid contain show host login oc kubectl",317
1038108470321577984,"azhelp lost access origin ad directori remov think problem user directori anymor",25
1038111379507621888,"thank done",01
1038111509027713025,"domain directori lost access tri remov directori think may remov user within directori mistak error attach subscript owner therefor administr",25
1038111885764128768,"hey hav issu deploy contain environ hav creat model schema amp score file use azureworkbench tri deploy get error deploy help would highli appreci thnx advanc",25
1038112489924423681,"notic week ago initi thought transient problem abl restor access possibl remov directori creat new one work fine left orphan aad",25
1038112920511672320,"download vhd file subscript cancel even make support ticket need vm disk download",313
1038113027617374209,"surpris see got bill idl disk noth thought suppos bill use also though first 200 free peopl get bill delet disk vm",313
1038113037100564481,"link file",49
1038115148819513344,"login see resourc would download vhd disk virtual machin say subscript cancel",26
1038121060464566278,"ad ip address one built rdp inbound firewal rule access vm rdp rollback chang firewal rule",313
1038123767564840964,thank,01
1038126947245510656,"onedr phish campaign leverag redirect securelinksvvqbswhsqxj0xmr4imnwe2g azurewebsit net",49
1038128363930562561,"hi would happi provid info regard get chanc could send us tweet tj",49
1038128901971570688,"tweet find machin type loggin machin face issu poc need help",25
1038129561626525696,"pleas let know check machin type loog machin poc face issu appic go",25
1038129787829542912,"um nope still issu sc storag start flare 15am pacif time exact problem last day",25
1038130444686974977,"see follow error 09 07 15 08 099663 error rdma nddriververs found var lib hyperv kvp pool 0 09 07 15 08 197962 error event name walinuxag op unhandlederror messag traceback recent call last 3",25
1038130507244961794,"file usr lib python2 7 site packag azurelinuxag daemon main py line run self daemon child arg file usr lib python2 7 site packag azurelinuxag daemon main py line daemon self rdma handler instal driver 3",25
1038130536688971776,"file usr lib python2 7 site packag azurelinuxag pa rdma cento py line instal driver rais except determin rdma firmwar version except determin rdma firmwar version durat 0 3",25
1038131427328647168,"aztechhelp need help reset window firewal default chang rule window firewal rdp connect",313
1038133214072565760,"updat pl",211
1038136046553366528,"mv whit use network high let work servic help",313
1038138924999299073,"month ago tri start free trial browser got sent infinit loop could sign anyth today tri abl set machin told free trial almost way reset free trial",25
1038139281418665984,"use servic httpd mysql en process next process pyton usr sbin waagent run exthandl process time tri close open",25
1038142592188178434,"relat outag last day side effect unresolv issu still though statu page show ok",211
1038143379400523776,"tri provis new one north central creat resourc give timeout error tri access michigan texa virginia give error portal win",25
1038144859893260288,"central india region face issu d8 v3 machin type error 05 14 15 08 099663 error rdma nddriververs found var lib hyperv kvp pool 0 3",25
1038144908677115904,"05 14 15 08 197962 error event name walinuxag op unhandlederror messag traceback recent call last file usr lib python2 7 site packag azurelinuxag daemon main py line run self daemon child arg",25
1038145404204994560,"error messag connect noth end",25
1038145718022799360,"ye issu everi sinc south central us region went movement support ticket copi past repli",25
1038146011909238785,"face error updat autom account modul sinc hour error gatewaytimeout gateway receiv respons microsoft autom within specifi time period known outag westeurop",25
1038147100016558086,"sent subscript id pm thank respons",01
1038147373795606528,"azhelp creat sever support ticket hour ago still answer possibl",24
1038148274430070784,"virtual machin",49
1038150842032025600,"dial rdp went window firewal chang exist inbound rdp port scope ip two specif ip soon click accept got kick see",25
1038152797244596227,"sure tri reboot virtual machin kill process tri restart servic virtual machin south central us",25
1038154466128809989,"aztechhelp abl deploy vm give error subscriptionnotfound",25
1038154495656640513,"hi sent dm ticket detail",49
1038156290374225920,"south central us ye",49
1038156682617139200,"hey pleas assist ticket thank",49
1038162399046627328,"tri step right includ use powershel hope guy easier way reset window firewal rule mess",313
1038163624328679426,"chang cellphon today im use microsoft auth app login configur new devic lost credenti",313
1038165626001481728,"southcentr issu issu creat deploy slot",25
1038165952876224517,"peopl smarter abl fix via powershel thank ok",01
1038166298012930048,"got fix thank",01
1038188013149454336,"support ticket agent keep write review statu page show everyth oper howev still eerienc issu outag pleas either updat statu page agent stop direct us",211
1038195408499949568,solv,01
1038204618755526661,"url pleas thank",01
1038215462398697472,"ye vsts instanc back avail appinsight last servic issu believ run",01
1038221301654016000,"aztechhelp suspect subscript ad free",49
1038223956585721856,"ye resolv speak compens loss servic day",015
1038224747056820224,"great work brian thank great peer",01
1038251769070071809,"thank massiv effort get back normal sleep well know amaz amount work short time cheer",01
1038259743997849600,"hey look ur updat",211
1038274726869647360,"ye solv",01
1038283069432582145,"aztechhelp found physic machin add enabl replic start replic migrat machin",313
1038301402345426944,"thank get back got good idea alreadi still link",01
1038329461865947136,"accord page updat hand lab provid sep cc",211
1038345951767932929,solv,01
1038362805790035968,"system seem back normal howev unpleasantli surpris see system design fault toler activ directori fail global due failur one datacent hope produc signific learn",015
1038366133160734720,"alreadi done use support guy told need arrang someon els credit card support debit card verifi",26
1038366613328879616,,49
1038369810164449281,"find privat key use gener csr web app somewher portal",313
1038374080049807360,"strang creat free account natur need learn test use product prepar give certif exam go use alon",313
1038375780525301760,"azhelp unabl reset password ssh key ubuntu vm everyth pleas help",25
1038378091595223040,"creat support request support plan plan buy one reset password nadeem mail id account help realli appreci",313
1038379801650712576,"dm sent",49
1038381159212875776,"portal ipad safari run problem creat virtual machin templat error cleardbextens",25
1038391649217531904,"open team",211
1038395507511570432,"opend case got call person call talk microsoft support debitcard india must arrang credit card creat free account case creat chinil com still open close support guy know",26
1038395938056880129,"abl creat free subscript activ subscript",25
1038398247558103041,"minimum time till yesterday open case got call support guy want tri one time",316
1038399022384472064,"support guy spesif told support debit card india got around unsuccess attempt want tri one time",26
1038412404563091456,"biggest fan week thank via",01
1038420395613872128,"azhelp subscript b9465f c07a 4c84 9bc7 e3efb76bff74 abl connect http http port server org could check anyth block org stop connect",25
1038444548001869825,"great work thank sort problem",01
1038467976587079680,"articl appli singl node webapp run custom docker imag",317
1038469615087702016,"still face issu start total clean creat new b2c directori link subscript luck simpl thing work past",25
1038470403914706945,"never mind see subscript log howev one thing notic option switch directori miss account dropdown top right corner access activ directori blade",26
1038473682837032962,"sent detail start face issu",25
1038473958562164736,"aztechhelp hi free account eir downgrad machin b2 b1 vm stop warn non pay subscript vmstoppedtowarnsubscript help",25
1038480024066768897,"someon tell ssh oserveraliveinterv 1 oserveralivecountmax 5 ocontrolpath ocontrolmast oexitonforwardfailur ye fnnt c r localhost 2222 ddaf12a3 tun westeurop azmk8 io p ak",313
1038480878899548165,"ak cluster commun taken servic map solut",317
1038488098823434242,"hello portal show hidden resourc relat ak",211
1038494009621180419,"sorri fault saw resourc relat ak creat resourc group automat thank",316
1038503566049067008,"yeap would appreci detail abl reproduc issu",211
1038503836523094017,"docker imag push contain registri eed web app thru web app contain work fine even start get servic unavail messag",25
1038504218187976704,"imag still avail acr repo chang anyth web app configur set use given imag latest tag",01
1038504415370661888,"work make chang whatsoev",01
1038504844619800576,"possibl post imag docker hub take look also dockerfil use",211
1038504866698731520,"chang admin password contain registri impact deploy web app",313
1038505275831906304,"webapp contain initi pull imag ye may",316
1038505531093250048,"ok tri get back",49
1038507912333647872,"hello folk app servic run asp net project make project connect access exist sql",313
1038508997475807233,"thank provid email address fyi creat ak resolv issu",313
1038514245086765056,"price enterpris softwar",317
1038516797924884481,"aztechhelp one two south central vm boot electr thermal event past tuesday work fine",25
1038517882831949829,"azhelp seem delet cert view statu hang",25
1038518827238273024,"tri delet ssl cert even view statu hang tri delet sever minut",25
1038518971744575488,"figur someth wrong view statu hang figur would delet creat new one hang",25
1038519960635625472,"ok thank",01
1038520017472692227,"ok thank",01
1038529624794443778,"statu page say hour rca yet still noth",211
1038534390677233671,"ok right appear awa contain work admin password chang acr think form error messag dashboard happen would help seem ok portal",25
1038534563029549063,"work fine delet creat awa contain",317
1038536490664554503,"sure thank quick respons",01
1038537601177792512,pleasur,01
1038538087947816971,"present speech amp much cost type servic list servic item start dev",49
1038538311269109760,"hey might note",49
1038539130140065792,"definit pretti sure common thing",49
1038539510814978048,"happen happen other",49
1038575189783543808,"thank folk basic ask key rotat support interest challeng chang password avoid someon use leak key",26
1038575633675083781,"work toward abil provid access specif resourc refer microsoft ident msi take bit complet acr web app roadmap",26
1038575871009775617,"thing simpli provid better error respons unabl pull imag loop app servic folk look",26
1038576518056824832,"seem publish function app anymor microsoft packagedependencyresolut target 167 5 error asset file project asset json target netframework version v4 6 1 proj",25
1038592228988469249,"issu resolv would great know plan add redund vsts happen dev lost day",26
1038592779444781057,"sure thing thank",49
1038655942982807553,"yep work",01
1038664831803514881,"part larger java ee cours taught student ship contain acr ee web app use awa contain shoot video chang origin password use",26
1038665097797922817,"think better error respons would would rememb chang acr password shoot video lectur could figur work awa contain look ok portal",26
1038667038259068929,"dear one help problem cloud delet web servic mistak app servic backup restor file pleas help thank",313
1038701501881966593,"check first articl linkedin vpn connect",49
1038726899139325952,"aztechhelp suppos diagnos error deploy net app access meaning log",25
1038764843833028609,"aztechhelp wish increas session timeout asp applic host web app platform could achiev",313
1038770064680513537,"aztechhelp deploy web imag folder user upload imag st work fine one show exept path found deploy even creat new folder deploy also dnt work",25
1038773557659086848,"aztechhelp method see file folder deploy web",313
1038817445253804033,"mention reset password app servic configur would also recommend use servic princip read pull access admin singl user demo account push pull right",317
1038821230290370560,"useless support trust servic india possibl stop use start use must batter",310
1038827866643808256,thank,01
1038850789366751235,"use case implement split dn dn",313
1038855221147922432,"wonder hard disk storag tb avail",26
1038865582731526144,"best practic use case client unmanag c applic use signalr seem unmanag c librari signalr suggest appreci sure easier way netcor dll gt com librari",313
1039096610050007040,"want rais issu vsts notif receiv one user would best way rais ticket",313
1039097554267525120,"ye work fine",01
1039099976939450368,"thank subsequ rais ticket support section vsts",316
1039109108375465984,"say tb manag disc much storag need pay backup v2 7 day snapshot store local",313
1039115933644517376,"thank repli go problem pipelin task support dbf file data lake file local machin use microsoft jet oledb 4 0 connect read dbf case file data lake",26
1039119286424354816,"ye rais support request wait respons support team reason report first time face exact issu bill payment never smooth sorri say",25
1039120990523908096,"card ad payment method one activ card longer valid card want chang default card nd card valid card get tri incognito well",26
1039121672320610305,"sure thing",316
1039145954878922753,"great thank prompt support",01
1039163137054916609,"pleas suggest add iot edg modul devic x509 ca certif",313
1039163345386065926,"azhelp anybodi home ticket id",214
1039163891660582912,"aztechhelp custom script extens work rhel vm deploy via arm templat work manual instal idea might go wrong",25
1039164174088196096,"ye ad updat issu portal without respons",24
1039165327882502149,"may solv problem get see payment info tomorrow tri financ admininstr regist institut credit card cach chrome hope firefox tomorrow suggest overcom cach problem",317
1039165429686644738,"sure thank seem python check detail sampl net core",316
1039166634634752000,"postmortem writeup avail work outag occur tusday 4 curiou know step go taken increas resili reduc vsts depend someth go wrong",214
1039166719145795584,"thank advanc",01
1039167902102896640,"hey guy shut servic free trial better eerienc shut servic forc upgrad turn back",24
1039171086150197248,"yep custom script extens keep run time extens becom unavail log also error simpl pwd command",25
1039172859011235840,"look ha option see preview avail zone sb ha dr solut dr sla option enabl preview abl enabl exist namespac",313
1039176679892111360,"sure link",316
1039177378776248321,"go thank",01
1039179128933507073,"depend upon much churn disk sure applic run let us say per day chang gb day snapshot steadi state consum gb addit space charg",316
1039179339731009539,"sorri url",49
1039180712002416641,"post shortli",313
1039184607864860673,"friend help question",316
1039189113952509952,"maximum throughput vm nic case one nic multipl nic",313
1039190412638879744,"soon get sooner",49
1039190851681964037,"link relat link nic put inform iop throughput info",49
1039191444228124677,"sure thank",01
1039194407696850944,"iep set anyon ip adress messag field need independ ip adresss everi ip accept",25
1039196158911029249,"aztechhelp autom work find azurermresourc term find azurermresourc recogn name cmdlet function script file oper program",25
1039196187142905856,"hi tri setup qna maker bot page want bot trawl extranet site password protect know get bot pass credenti site thank",313
1039197542100226048,"3 resourc south central us dc awesom",25
1039197602015674373,"appservic custom day eerienc keep get better new improv appservicediagnost",214
1039210749199974400,xbox,49
1039211839698006016,"spoke danica l support team give prerecord placat answer complet ignor concern even repeat one answer time like microsoft care hack account",015
1039212311553011712,"feel like compani care",015
1039213607387648000,"aztechhelp ad domain name custom domain name section domain never add see notif name ad refresh noth",13
1039214467874258946,"fact someon complain publicli word redirect form instead talk directli show part problem",015
1039214975649308674,"guess happen help compani improv product suddenli becom work user leav inform instead actual person listen",214
1039218687633444867,"hi care feedback encourag someth top post yr old without respons next one review yr pa",015
1039219947342163969,"correct easi figur requir right essay screenshot develop team alreadi know possibl work near futur",015
1039222624918822913,,316
1039224173137199104,"aztechhelp multipl account attach lanc com email use abl switch directori one anymor reason fyi microsoft mvp",26
1039236413374386176,,316
1039238617359699968,"aztechhelp ssl section broken link inform dropdown read miss author header call id f8b973a 204d 4e67 ade 9692a756a930 pleas provid id support inform provid",25
1039243827004039169,"problem relat adf compani connect devop vsts",25
1039244246686097408,help,313
1039246900984143872,"tauan tell us see feel free dm us detail like jb",49
1039247933579976704,"open visual studio click team elor gt manag connect gt connect project login account project display access via browser work normal",13
1039253451224494081,"ra gr storag account south central fail secondari south central resourc recov within coupl hour storag nearli",25
1039254183403311106,"would find gregor anyth help",316
1039255306067501056,"hi thoma sorri hear abl help",316
1039257137120194561,"valid arm templat space start name valid fine go deploy get error think valid pass tbh",25
1039257513466712065,"mitig statu still unabl get result unifi audit log via ps command secur amp complianc center audit search get result either way",25
1039259629761454080,"today see similar storag perform issu southcentr us last week still respons support ticket pleas advis",25
1039267597399744512,"azurestack storag elor tool kill gpu report",015
1039269511785000960,"offici statement address cascad widespread long last issu result sever weather event last week azuredown",25
1039280555257421824,"hey thought ticket",313
1039284158848266241,"post ask post forum onlin",316
1039294449401167873,"sorri hear friend abl help",316
1039318600694157312,"autom releas function github avail govern",26
1039330803606585344,"ac url longer resolv thought novemb transit",25
1039333139703783424,"hey someon clarifi much cost privat repo use repo mention privat repo price guid cc",211
1039333260059439106,"dm detail",49
1039364603426131969,updat,211
1039373787647492098,"issu resolv thank",01
1039376281089933312,"ye web page look mention privat repo",316
1039387787475091457,"azhelp see b seri vm size certain vm other",13
1039390145542348800,"aztechhelp troubl log vm remot desktop connect authent error occur function request support remot comput could due credssp encrypt oracl remedi",25
1039395547663065088,"could understand properli",316
1039396273361702914,"put mention vm sku iop nic data transfer throughput",317
1039396968336896001,"discuss find answer sure help launch date west europ region thank",211
1039396999416635393,"azhelp hello web app today error occur http request pass http request pass normal yesterday mistak could happen",25
1039397370465644546,westu,49
1039399545489174528,"aztechhelp ip address chang virtual machin reboot spend limit exceed way specifi previou ip address",313
1039403307092066304,"dave check got right idea use c signalr client tweet signalr gener connectiontoken signalr accesskey use jet uribuild send hub connect part querystr",313
1039403772013768704,"still heard back made much harder switch subscript portal",214
1039405177009201152,"part directori switcher",26
1039413232841224192,"hi eerienc ftp connect issu deploy function multipl environ known issu ftp right",25
1039414435197071363,"hey abl make modul enabl multipl blob download zip format use node modul worth contribut contribut",313
1039421661597061120,"aztechhelp hi domain name server host tri find creat email address domain name insid ex com help",313
1039422851315625984,"azhelp get error wordpress app help resolv",25
1039424013766930432,"see follow icon highlight yellow",13
1039424417867149313,azhelp,49
1039428144023957504,"back vm use manag disk backup stack v2 actual cost use origin backup stack clear document thank azuredevop",211
1039431886324555776,"ye log see today",49
1039433740227944448,"subscript locat",313
1039434355460980736,"thank guy",01
1039443445616504833,"oh move",13
1039443851889586176,"certainli within last week would say multipl subscript use use old way time",316
1039444600556072960,"hello issu vm data share link s2 vpn premis share folder work fine hour suddendli stop work possibl acc map drive anymor",25
1039446463716229120,"realli messag tell map drive avail",25
1039446684454010880,"restart vm ad file server access slow timeout",214
1039446956081213441,"aztechhelp hi team possibl enabl auto scale hdinsight pl point document",211
1039448106256015361,"loadbalanc bu gt intern server error server provid meaning repli might caus prematur session shutdown trackingid 1e06e527 6378 405f aef0 ad11a6d3ca21 timestamp 9 11 2018 34 19",25
1039449356040994816,"hi manual scale ask autosc base cluster load possibl",313
1039450219912540160,"ok new tweeter send direct messag",313
1039452732669743104,"move icon left",13
1039457174223839233,"aztechhelp hey bought custom domain app servic domain deploy fail internalservererror neither associ app servic avail buy fix",25
1039464387730399232,"see domain app servic domain ad hostnam bind fail fail bind hostnam x x readi dn record manag need wait longer fault state",25
1039469455980392449,"alreadi submit incid receiv respons yet",24
1039472779324735489,"nail seem like deploy new domain conflict someth never good see internalservererror obviou path recoveri thank much link",25
1039475876860190721,"aztechhelp need get repres meet us discuss option current high latenc caus issu site perform client aws direct connect solut elimin latenc issu",37
1039481795618717698,"hi face sever issu timeout deploy sql databas north europ gener issu see anyth statu page",25
1039482267717042176,"realli wish would fix lock file problem deploy app servic function know run zip whole load pipelin predat realli dig workaround old bug",25
1039484597703266305,"simpli amaz",01
1039485431853793281,"mean lock file issu",316
1039485898235113472,"lost announc hey move stuff tour anyth least saw",13
1039485975108284417,"privat repo charg base number engin first folk free around 6 user limit number privat repo",317
1039486281481211904,"thank super obviou move consid long use oldish way ms doc reflect new chang either",26
1039486387328876544,"see anyth either randomli saw icon",13
1039488289177305090,"cmd check via powershel",313
1039488481058279425,"good morn afternoon hope help someth plan support job schedul sql job data lake analyt exampl prefer option still data factori",26
1039489432179683328,"one day somebodi microsoft put custom front cart day mani tech giant hate",015
1039490122721505281,"ye annoy even put section latest pluralsight cours work around hit often",316
1039490520593190912,"make sens except infrastructur doubt use data factori autom powershel long run would great nativ option adla schedul job sure roadmap somewher",317
1039491219087417345,"thing like lead often find feel half finish utterli confid sap reveal strongli market led find respons bug like tri new shini thing",015
1039491669568245760,"common well known problem sure rais mani time th past feedback section advic saw github issu thread last week gener tri run zip fix adopt new shini",316
1039491846232260608,"happi adopt run zip new project got larg backlog older pipelin suffer nasti bug lot work revisit",25
1039492946830262272,"suspect deep architectur issu ii foundat given reliabl deploy import pose interest question known pre ga app svc deem accept els gone similar evalu process",25
1039493886866022400,"hey ert specif type like virtual network arm templat without stuff like vm storag account",313
1039495151104798722,"thank help idea post would love hear back know whether spend time build solut wait nativ option",25
1039495804686233600,"hi im tri whitelist ip firewal sql databas im getr erorr author",25
1039496336507396097,"want ert entir configur current architectur like vnet local remot gateway configur document tri common ert get resourc",26
1039496517642530817,"hi friend may abl help thank",316
1039498809775149057,"awesom thank help great day",01
1039499034690547712,"appreci ur help research chang find azurermresourc cmdlet get azurermresourc runbook work",317
1039499857667416066,"sql config blade today sudden start show messag today clue confirm chang made subscript",313
1039500368143704065,done,49
1039500463647776768,"thank sent",01
1039501401745973249,"share workaround thx",313
1039501422071635974,"hi kindli assist",316
1039501896246026246,"thank support work great work mb",01
1039501988910780417,"deploy virtual network tab allow see json arm allow ert save",317
1039502318855774208,"checkout answer solv way",317
1039502552864317440,"ye made chang deploy want creat multipl version document",313
1039502759634989057,"ok thank",01
1039503141236961282,"usual stop web app deploy restart also app set tri msdeploy renam lock file 1",317
1039504258499047424,"disat recoveri asr default polici tell point everi day hourli instead repliact default everi min vm eect",25
1039504448018632709,"deploy vsts sorri devop variou set like one set issu still occur regularli super annoy",24
1039506246867406848,"unfortun fool proof either seem reduc number time happen servic deploy morn check set right mess",317
1039507041100881920,"let us assum built cloud architectur vnet subnet secur group local remot gateway relat stuff want creat reproduc code file document repo enough detail",313
1039508222657224706,"ah ye rout far stop web app tri set thx",316
1039509747441926144,"got payment past due problem payment method outstand charg updat payment detail done noth subscript disabl fix",25
1039510591075840002,"creat alreadi post",49
1039512525069373440,"issu call api host southcentr last time load test back june still eerienc fallout last week outag",25
1039512765155561473,"great thx wan na know need escal take time",01
1039528772394000384,"hi guy know problem regard servic bu west europ region",25
1039530293659623424,"may look check arm represent see abl extract specif resourc want clean bit visual use",317
1039530608731598850,"tweet sent 000 ft pleas forgiv typo",49
1039531281611149312,"well seem unabl connect one namespac product seem littl slower realli error connect via servic bu elor get queue topic",25
1039534107854819328,"look get back issu remain thank help",01
1039536342408065024,"servicefabr runtim notif way get alert see correl activ log sf oper log entri neither sf cluster health warn state cc",26
1039536498922541056,"feedback question futur hold product go preview ga ed belong forum doubt pg solid answer yet commun guess answer",211
1039546635913781250,"hi access problem db domain transfer dn regist domain ip firewal access yet see reject ip request",313
1039549939477401600,"azhelp product server vm support tick id need help determin simpl restart restor backup",25
1039550353103089664,"azhelp hey guy big problem none web app enabl add custom domain",25
1039551118030921728,"friend abl help",316
1039551389050052613,let,49
1039551525104902145,"use microsoft bizspark subscript eir may use renew subscript domain unabl use pleas help",313
1039553701474693120,"ad new scom assess solut log analyt click solut requir addit configur tile noth happen tri edg ie chrome window nearbi link work",25
1039558721117073408,"pretti sure datacentr east us region hurrican proof safe activ asr west us",317
1039558934284009472,thank,01
1039559123971407872,"need help creat new account former ms employe",313
1039559403119235072,"custom get sla credit outag occur",24
1039562232697380866,"aztechhelp set ubuntu vm check http want open http pull data http websit help",313
1039568083315314688,"would love site work host",24
1039579829291675649,"hi guy problem web respond en vm correct respond problem vm",25
1039582096937951232,"azhelp failov option read write secondari server rather read sync primari db server",313
1039588728627449856,"seem work multipl machin",25
1039589346666577920,"ye creat stackoverflow post",316
1039594689173880832,"ui host servic fabric well would like hear peopl think",13
1039598272283860992,"east east2 data center",313
1039599330942967808,"tri chrome amp edg window chrome amp safari mac chrome samsung phone",316
1039601550317051904,"appear work still monitor continu problem send us dm subid region data vm thank",01
1039607007651815424,"tini idea mayb could someth realli specif way display function deploy rather weird order",13
1039609070670540800,thank,01
1039609543343390720,"creat cloud servic error messag portal see error chrome debugg click creat button final step pleas assist",25
1039610804881039360,"biz critic resourc east us data ctr recommend proactiv cut west us fail prep hurrican flo",25
1039611545431564296,"realli link let us log sign issu pleas read messag sign issu",25
1039612470674055175,"wait callback ticket hour tech said would call back lt minut stay late get resolv get new tech callback usual escal person left day",214
1039614783442616320,"clear mac chrome thing error browser",25
1039615574362546176,sent,49
1039617328957321216,"thank abl get escal differ channel burn candl end",01
1039617536764076032,"us central go",25
1039617626576707584,"log vm host uk south tri new chrome instanc got problem problem site far know",25
1039617889932898304,"thank appreci found workaround creat empti cloud servic resourc add cert upload deploy work one oper like alway throw error definit issu engin investig",25
1039618721663336449,"make sens much ask data center path hurrican start replic comput storag west coast save would like know",015
1039619483143430145,"exact link work click cosmo calcul get problem",316
1039619790883704832,"matter tri differ browser instanc differ machin phone seem odd",25
1039622924112678912,"thank help",01
1039646145751011328,"done seem implicitli convert array type like paramet elicitli specifi array type lookup output",317
1039650292155834368,"found answer thank",01
1039652218520121347,"coupl work around seem row set back let data factori array type defenc pretti late think would nice could pass back array document row",26
1039652682179465216,"problem solv",49
1039660081925763072,"set app set includ msdeploy renam lock file set someth delet file lock done renam fine",317
1039660292895121408,"btw bypass restart black magic ritual work",317
1039669364574707712,"realli updat run zip much better",26
1039669596427448320,"aztechhelp outbound email block email domain work fine read enhanc secur send email get chang set without spend 29 month work",25
1039671906352472064,"aztechhelp fyi typo notif download vpn config file word download spell donwload",13
1039672871004434432,"fight problem recent well incred annoy",24
1039678537417064448,"document notif come download config see screenshot attach",211
1039679603365879809,"great move resourc west region safe",49
1039690199205261312,"hi issu intun app protect polici use picker find user group assign",25
1039697002748100609,"tri creat nc6 v2 gpu vm p100 subscript show avail specif region os type hdd type",25
1039703123168845824,"go creat permiss mfa manag without need ga permiss rbac",26
1039708278249287680,"hi unabl access model manifest imag servic ml model manag keep come error occur retriev list lt model manifest imag servic gt depend pick resolv",25
1039710826448470017,"week without servic accus nonpay invoic paid disclaim subscrib",24
1039735228833644547,"surpris buggi run app web app contain product support ticket like come back bug end recommend way run app",25
1039735684028870656,"thank follow resolut wad provid commun email",01
1039737391433564160,"ye tri app servic window tri app servic linux tri app servic linux app servic environ tri web app contain app servic environ seem buggi uniqu way",316
1039741634706120705,"aztechhelp storag account abl access seem delet without notif pleas check prioriti reach 919820265431",25
1039748073088577536,"go storag show storag name error found",25
1039756915071492096,"aztechhelp cosmosdb support mongodb version someth necessari use discrimin use lookup properli without pipelin confirm type look",26
1039757421428789248,"price calcul page seem",25
1039758737651716097,"tri privat browser window still issu chrome microsoft edg",25
1039761170713006081,"newer pipelin quit lot would need revisit probabl bug like fix though case think deep issu architectur rais bunch interest question servic",25
1039762888326610944,"consol log show follow error script5007 unabl get properti call undefin null refer",25
1039763029263638530,"work till yesterday",49
1039765033251733504,"support team india make progress ticket wait app servic scale server server nearli three hour site go featur nation tv hour",214
1039765471049011200,"aztechhelp deploy app app servic built microsoft aspnetcor caus whole app",25
1039766955811635200,"screenshar skype poke variou thing portal solv anyth se seem idea want end call research run time big market event",24
1039769865937072129,"aztechhelp ak south east asia problem slow",214
1039772418313662464,"got mani timeout servic",25
1039777534055874561,"aztechhelp servic bu mani event messag process disturb applic could pleas check us",25
1039778023497592833,"know sometim servic bu event messag could process disturb app function could pleas check us",25
1039779916969996289,"would like instal rtool function noth site extens galleri",26
1039781868529315840,"use portal",49
1039782939825987585,"exactli document found howev could find gener health event doc mention neither sf oper log window event log sf cluster warn state yet idea",211
1039784685591846912,"thank forward sf team",01
1039790175067557888,"sorri hear follow issu thank",316
1039793813219229696,"hey price calcul work eect fix today",25
1039802628388134912,"hi find switch subscripion directori portal tri clean cooki privat session differ known issu updat progress asset need manag urgent",25
1039803476593717248,"subscript pay go 337ea447 b1b9 49d8 91f3 c234c82e3b18 locat uk west",49
1039803789664903168,"check topic privalgo rockit topic mani messag couldnot process",49
1039806307107188742,"want upgrad applic implement microservic fabric need upgrad applic pleas help",313
1039809341442981889,"sorri hear investig issu thank",49
1039810859428544513,"need pleas tell add environ variabl kudu",313
1039811018199887872,"hey make clear payment method actual support lost half day tri buy visual studio profession licens debit card",13
1039811103147089920,"sorri hear alan friend look thank",316
1039812654519525376,"rais free subscript manag support case last night resolut debit card work henc request",25
1039813974517313537,"issu ask updat document payment portal make absolut clear payment method support save peopl stress unabl pay know",13
1039814321654693888,"spent minut phone bank yesterday receiv unclear payment error even payment screen clear use pay doc say debit card valid india make mention uk eu constraint",25
1039814741743550465,"especi even buy visual studio requir subscript requir credit card mani mani peopl uk cc realli confus",26
1039815115363762176,"cc awar imposs buy vs licens debit card uk right",26
1039815552846376960,"tri differ machin well luck",49
1039820789695086592,"current issu storag databas west europ europ area multipl server fail connect fail across board",25
1039821078649098240,"basic switch option disappear last night confirm still access also colleagu check also case",25
1039821252356177920,"inde want see anyon know anyth go moment",211
1039822338076893184,"thank pointer much appreci",01
1039823858897956864,"hi wrong calcul noth load page apart header amp footer",25
1039824255796617216,"tri chrome amp firefox win laptop work either",25
1039825017154883586,"creat ticket thank",01
1039825703422885888,sure,49
1039829051127595008,"price calcul show complet empti chrome ff edg someth broken",25
1039830822092779521,"london uk",49
1039831839995822080,"today morn",49
1039831881238368256,"aztechhelp reset sql databas usernam password",313
